algorithm,num_envs,layout,seed,kind,path,bytes,config_path,config_env,config_model,random_reset,check_held_out,heldout_random,config_layouts,total_timesteps,rollout_steps,xp_partner,status,update_steps,parameter_count,conv_shapes,params_sha256
IPPO,64,empty,98,final,ckpts/ippo/ToyCoopNoPink/modified_wall/empty/ikFalse/reset_all/ippo_layout_eval/lr-20260818-102756/seed98_ckpt0_improved_updates15625.pkl,7495257,outputs/2026-08-18/10-27-56/.hydra/config.yaml,ToyCoopNoPink,IPPO_baseline,False,False,100,"[""empty"", ""wall_a""]",100000000.0,100,98,OK,15625,1873190,"{""/params/Conv_0/kernel"": [2, 2, 4, 64], ""/params/Conv_1/kernel"": [2, 2, 64, 32]}",99259236fa9d7bd2c6f64ed935647aad2fa04e2bcf39b95e75466ef68f08ba99
IPPO,64,empty,98,progress_100,ckpts/ippo/ToyCoopNoPink/modified_wall/empty/ikFalse/reset_all/ippo_layout_eval/lr-20260818-102756/seed98_progress_100.pkl,7494613,outputs/2026-08-18/10-27-56/.hydra/config.yaml,ToyCoopNoPink,IPPO_baseline,False,False,100,"[""empty"", ""wall_a""]",100000000.0,100,98,OK,15625,1873190,"{""/params/Conv_0/kernel"": [2, 2, 4, 64], ""/params/Conv_1/kernel"": [2, 2, 64, 32]}",99259236fa9d7bd2c6f64ed935647aad2fa04e2bcf39b95e75466ef68f08ba99
IPPO,64,empty,98,progress_33,ckpts/ippo/ToyCoopNoPink/modified_wall/empty/ikFalse/reset_all/ippo_layout_eval/lr-20260818-102756/seed98_progress_33.pkl,7494613,outputs/2026-08-18/10-27-56/.hydra/config.yaml,ToyCoopNoPink,IPPO_baseline,False,False,100,"[""empty"", ""wall_a""]",100000000.0,100,98,OK,5209,1873190,"{""/params/Conv_0/kernel"": [2, 2, 4, 64], ""/params/Conv_1/kernel"": [2, 2, 64, 32]}",812d95df19c9b330a766bfd0e835cbea1db92776d09dd82c16bbd739f241fe0e
IPPO,64,empty,98,progress_67,ckpts/ippo/ToyCoopNoPink/modified_wall/empty/ikFalse/reset_all/ippo_layout_eval/lr-20260818-102756/seed98_progress_67.pkl,7494613,outputs/2026-08-18/10-27-56/.hydra/config.yaml,ToyCoopNoPink,IPPO_baseline,False,False,100,"[""empty"", ""wall_a""]",100000000.0,100,98,OK,10417,1873190,"{""/params/Conv_0/kernel"": [2, 2, 4, 64], ""/params/Conv_1/kernel"": [2, 2, 64, 32]}",82b906c96409abd8fbee1c898591b3739e44362734188ca27b596eb02c6c41e7
IPPO,64,empty,0,final,ckpts/ippo/ToyCoopNoPink/modified_wall/empty/ikFalse/reset_all/ippo_layout_eval/lr-20260818-174434/seed0_ckpt0_improved_updates15625.pkl,7495257,outputs/2026-08-18/17-44-34/.hydra/config.yaml,ToyCoopNoPink,IPPO_baseline,False,False,100,"[""empty"", ""wall_a""]",100000000.0,100,98,OK,15625,1873190,"{""/params/Conv_0/kernel"": [2, 2, 4, 64], ""/params/Conv_1/kernel"": [2, 2, 64, 32]}",112d20d4556e10dfac20087eb4c0181ae8a31cbf7cdcb24a0b048eb43ddd4c20
IPPO,64,empty,0,progress_100,ckpts/ippo/ToyCoopNoPink/modified_wall/empty/ikFalse/reset_all/ippo_layout_eval/lr-20260818-174434/seed0_progress_100.pkl,7494613,outputs/2026-08-18/17-44-34/.hydra/config.yaml,ToyCoopNoPink,IPPO_baseline,False,False,100,"[""empty"", ""wall_a""]",100000000.0,100,98,OK,15625,1873190,"{""/params/Conv_0/kernel"": [2, 2, 4, 64], ""/params/Conv_1/kernel"": [2, 2, 64, 32]}",112d20d4556e10dfac20087eb4c0181ae8a31cbf7cdcb24a0b048eb43ddd4c20
IPPO,64,empty,0,progress_33,ckpts/ippo/ToyCoopNoPink/modified_wall/empty/ikFalse/reset_all/ippo_layout_eval/lr-20260818-174434/seed0_progress_33.pkl,7494613,outputs/2026-08-18/17-44-34/.hydra/config.yaml,ToyCoopNoPink,IPPO_baseline,False,False,100,"[""empty"", ""wall_a""]",100000000.0,100,98,OK,5209,1873190,"{""/params/Conv_0/kernel"": [2, 2, 4, 64], ""/params/Conv_1/kernel"": [2, 2, 64, 32]}",03a12e744afbac3530995618019551b77d9e515bd3e0f0815612a6d7d047e426
IPPO,64,empty,0,progress_67,ckpts/ippo/ToyCoopNoPink/modified_wall/empty/ikFalse/reset_all/ippo_layout_eval/lr-20260818-174434/seed0_progress_67.pkl,7494613,outputs/2026-08-18/17-44-34/.hydra/config.yaml,ToyCoopNoPink,IPPO_baseline,False,False,100,"[""empty"", ""wall_a""]",100000000.0,100,98,OK,10417,1873190,"{""/params/Conv_0/kernel"": [2, 2, 4, 64], ""/params/Conv_1/kernel"": [2, 2, 64, 32]}",89d32e528124ca9b54f400844ab814db4cf296b328625d8c1864ae63cabcc348
IPPO,64,empty,1,final,ckpts/ippo/ToyCoopNoPink/modified_wall/empty/ikFalse/reset_all/ippo_layout_eval/lr-20260819-010502/seed1_ckpt0_improved_updates15625.pkl,7495257,outputs/2026-08-19/01-05-02/.hydra/config.yaml,ToyCoopNoPink,IPPO_baseline,False,False,100,"[""empty"", ""wall_a""]",100000000.0,100,98,OK,15625,1873190,"{""/params/Conv_0/kernel"": [2, 2, 4, 64], ""/params/Conv_1/kernel"": [2, 2, 64, 32]}",7731d3c83320b3ed1593b961e7765c965a3ca90bd51312709de31de7e77fd615
IPPO,64,empty,1,progress_100,ckpts/ippo/ToyCoopNoPink/modified_wall/empty/ikFalse/reset_all/ippo_layout_eval/lr-20260819-010502/seed1_progress_100.pkl,7494613,outputs/2026-08-19/01-05-02/.hydra/config.yaml,ToyCoopNoPink,IPPO_baseline,False,False,100,"[""empty"", ""wall_a""]",100000000.0,100,98,OK,15625,1873190,"{""/params/Conv_0/kernel"": [2, 2, 4, 64], ""/params/Conv_1/kernel"": [2, 2, 64, 32]}",7731d3c83320b3ed1593b961e7765c965a3ca90bd51312709de31de7e77fd615
IPPO,64,empty,1,progress_33,ckpts/ippo/ToyCoopNoPink/modified_wall/empty/ikFalse/reset_all/ippo_layout_eval/lr-20260819-010502/seed1_progress_33.pkl,7494613,outputs/2026-08-19/01-05-02/.hydra/config.yaml,ToyCoopNoPink,IPPO_baseline,False,False,100,"[""empty"", ""wall_a""]",100000000.0,100,98,OK,5209,1873190,"{""/params/Conv_0/kernel"": [2, 2, 4, 64], ""/params/Conv_1/kernel"": [2, 2, 64, 32]}",f35471fa7ec877dd2317213855fb9e23dae7ed4ebc42937f0bc9f4f5c308e881
IPPO,64,empty,1,progress_67,ckpts/ippo/ToyCoopNoPink/modified_wall/empty/ikFalse/reset_all/ippo_layout_eval/lr-20260819-010502/seed1_progress_67.pkl,7494613,outputs/2026-08-19/01-05-02/.hydra/config.yaml,ToyCoopNoPink,IPPO_baseline,False,False,100,"[""empty"", ""wall_a""]",100000000.0,100,98,OK,10417,1873190,"{""/params/Conv_0/kernel"": [2, 2, 4, 64], ""/params/Conv_1/kernel"": [2, 2, 64, 32]}",140049f0c2ff38a0f76a5adcea20cc2f326c0adc6802ddbaa0127fdb7d1a881a
IPPO,64,empty,2,final,ckpts/ippo/ToyCoopNoPink/modified_wall/empty/ikFalse/reset_all/ippo_layout_eval/lr-20260819-083612/seed2_ckpt0_improved_updates15625.pkl,7495257,outputs/2026-08-19/08-36-12/.hydra/config.yaml,ToyCoopNoPink,IPPO_baseline,False,False,100,"[""empty"", ""wall_a""]",100000000.0,100,98,OK,15625,1873190,"{""/params/Conv_0/kernel"": [2, 2, 4, 64], ""/params/Conv_1/kernel"": [2, 2, 64, 32]}",4123124c2d61159a0522963fd47bc7c4e14998d15a294cfe21115d1f6d5f1abd
IPPO,64,empty,2,progress_100,ckpts/ippo/ToyCoopNoPink/modified_wall/empty/ikFalse/reset_all/ippo_layout_eval/lr-20260819-083612/seed2_progress_100.pkl,7494613,outputs/2026-08-19/08-36-12/.hydra/config.yaml,ToyCoopNoPink,IPPO_baseline,False,False,100,"[""empty"", ""wall_a""]",100000000.0,100,98,OK,15625,1873190,"{""/params/Conv_0/kernel"": [2, 2, 4, 64], ""/params/Conv_1/kernel"": [2, 2, 64, 32]}",4123124c2d61159a0522963fd47bc7c4e14998d15a294cfe21115d1f6d5f1abd
IPPO,64,empty,2,progress_33,ckpts/ippo/ToyCoopNoPink/modified_wall/empty/ikFalse/reset_all/ippo_layout_eval/lr-20260819-083612/seed2_progress_33.pkl,7494613,outputs/2026-08-19/08-36-12/.hydra/config.yaml,ToyCoopNoPink,IPPO_baseline,False,False,100,"[""empty"", ""wall_a""]",100000000.0,100,98,OK,5209,1873190,"{""/params/Conv_0/kernel"": [2, 2, 4, 64], ""/params/Conv_1/kernel"": [2, 2, 64, 32]}",2a660284010082d96398cc4e2c78f74554927afaa027fd90f1873d45c20f2493
IPPO,64,empty,2,progress_67,ckpts/ippo/ToyCoopNoPink/modified_wall/empty/ikFalse/reset_all/ippo_layout_eval/lr-20260819-083612/seed2_progress_67.pkl,7494613,outputs/2026-08-19/08-36-12/.hydra/config.yaml,ToyCoopNoPink,IPPO_baseline,False,False,100,"[""empty"", ""wall_a""]",100000000.0,100,98,OK,10417,1873190,"{""/params/Conv_0/kernel"": [2, 2, 4, 64], ""/params/Conv_1/kernel"": [2, 2, 64, 32]}",b0cc54210f73f772fa8f7b3a6d57f3ef68d8b70b3a4ef9037b6e8718a1caa936
IPPO,64,empty,3,final,ckpts/ippo/ToyCoopNoPink/modified_wall/empty/ikFalse/reset_all/ippo_layout_eval/lr-20260821-102134/seed3_ckpt0_improved_updates15625.pkl,7495257,outputs/2026-08-21/10-21-34/.hydra/config.yaml,ToyCoopNoPink,IPPO_baseline,False,False,100,"[""empty"", ""wall_a""]",100000000.0,100,98,OK,15625,1873190,"{""/params/Conv_0/kernel"": [2, 2, 4, 64], ""/params/Conv_1/kernel"": [2, 2, 64, 32]}",a1bf70edbd4db7ad5190cedfefc14e963ef3ee0c9f79055d502a044eaefcb886
IPPO,64,empty,3,progress_100,ckpts/ippo/ToyCoopNoPink/modified_wall/empty/ikFalse/reset_all/ippo_layout_eval/lr-20260821-102134/seed3_progress_100.pkl,7494613,outputs/2026-08-21/10-21-34/.hydra/config.yaml,ToyCoopNoPink,IPPO_baseline,False,False,100,"[""empty"", ""wall_a""]",100000000.0,100,98,OK,15625,1873190,"{""/params/Conv_0/kernel"": [2, 2, 4, 64], ""/params/Conv_1/kernel"": [2, 2, 64, 32]}",a1bf70edbd4db7ad5190cedfefc14e963ef3ee0c9f79055d502a044eaefcb886
IPPO,64,empty,3,progress_33,ckpts/ippo/ToyCoopNoPink/modified_wall/empty/ikFalse/reset_all/ippo_layout_eval/lr-20260821-102134/seed3_progress_33.pkl,7494613,outputs/2026-08-21/10-21-34/.hydra/config.yaml,ToyCoopNoPink,IPPO_baseline,False,False,100,"[""empty"", ""wall_a""]",100000000.0,100,98,OK,5209,1873190,"{""/params/Conv_0/kernel"": [2, 2, 4, 64], ""/params/Conv_1/kernel"": [2, 2, 64, 32]}",31c28f29c823adcd77a61c782e67ec3d1858d337546f15bbe474b87084831b9c
IPPO,64,empty,3,progress_67,ckpts/ippo/ToyCoopNoPink/modified_wall/empty/ikFalse/reset_all/ippo_layout_eval/lr-20260821-102134/seed3_progress_67.pkl,7494613,outputs/2026-08-21/10-21-34/.hydra/config.yaml,ToyCoopNoPink,IPPO_baseline,False,False,100,"[""empty"", ""wall_a""]",100000000.0,100,98,OK,10417,1873190,"{""/params/Conv_0/kernel"": [2, 2, 4, 64], ""/params/Conv_1/kernel"": [2, 2, 64, 32]}",2869b46342ba21c51d4f47d63730e367e0937272baae0df860675d988aaaa096
IPPO,64,empty,4,final,ckpts/ippo/ToyCoopNoPink/modified_wall/empty/ikFalse/reset_all/ippo_layout_eval/lr-20260821-173723/seed4_ckpt0_improved_updates15625.pkl,7495257,outputs/2026-08-21/17-37-23/.hydra/config.yaml,ToyCoopNoPink,IPPO_baseline,False,False,100,"[""empty"", ""wall_a""]",100000000.0,100,98,OK,15625,1873190,"{""/params/Conv_0/kernel"": [2, 2, 4, 64], ""/params/Conv_1/kernel"": [2, 2, 64, 32]}",4667b3e28d00d8bf3a95023dc1bbaa7a3b9b8de034eca1065f76f91f56d9c3d0
IPPO,64,empty,4,progress_100,ckpts/ippo/ToyCoopNoPink/modified_wall/empty/ikFalse/reset_all/ippo_layout_eval/lr-20260821-173723/seed4_progress_100.pkl,7494613,outputs/2026-08-21/17-37-23/.hydra/config.yaml,ToyCoopNoPink,IPPO_baseline,False,False,100,"[""empty"", ""wall_a""]",100000000.0,100,98,OK,15625,1873190,"{""/params/Conv_0/kernel"": [2, 2, 4, 64], ""/params/Conv_1/kernel"": [2, 2, 64, 32]}",4667b3e28d00d8bf3a95023dc1bbaa7a3b9b8de034eca1065f76f91f56d9c3d0
IPPO,64,empty,4,progress_33,ckpts/ippo/ToyCoopNoPink/modified_wall/empty/ikFalse/reset_all/ippo_layout_eval/lr-20260821-173723/seed4_progress_33.pkl,7494613,outputs/2026-08-21/17-37-23/.hydra/config.yaml,ToyCoopNoPink,IPPO_baseline,False,False,100,"[""empty"", ""wall_a""]",100000000.0,100,98,OK,5209,1873190,"{""/params/Conv_0/kernel"": [2, 2, 4, 64], ""/params/Conv_1/kernel"": [2, 2, 64, 32]}",2dd17c77aff6492982bacb1d16e92c9015661c48a6368eb4b8d0362d6c4e6b20
IPPO,64,empty,4,progress_67,ckpts/ippo/ToyCoopNoPink/modified_wall/empty/ikFalse/reset_all/ippo_layout_eval/lr-20260821-173723/seed4_progress_67.pkl,7494613,outputs/2026-08-21/17-37-23/.hydra/config.yaml,ToyCoopNoPink,IPPO_baseline,False,False,100,"[""empty"", ""wall_a""]",100000000.0,100,98,OK,10417,1873190,"{""/params/Conv_0/kernel"": [2, 2, 4, 64], ""/params/Conv_1/kernel"": [2, 2, 64, 32]}",4dbd92adb177449e5099e7e8488d45b2ec7a94a02977c9ef8843fcb4c807b393
IPPO,64,empty,5,final,ckpts/ippo/ToyCoopNoPink/modified_wall/empty/ikFalse/reset_all/ippo_layout_eval/lr-20260822-005209/seed5_ckpt0_improved_updates15625.pkl,7495257,outputs/2026-08-22/00-52-09/.hydra/config.yaml,ToyCoopNoPink,IPPO_baseline,False,False,100,"[""empty"", ""wall_a""]",100000000.0,100,98,OK,15625,1873190,"{""/params/Conv_0/kernel"": [2, 2, 4, 64], ""/params/Conv_1/kernel"": [2, 2, 64, 32]}",f097635b2fe42462c6d92a8a754e78fd6cf2934ccf46418279123890288189c6
IPPO,64,empty,5,progress_100,ckpts/ippo/ToyCoopNoPink/modified_wall/empty/ikFalse/reset_all/ippo_layout_eval/lr-20260822-005209/seed5_progress_100.pkl,7494613,outputs/2026-08-22/00-52-09/.hydra/config.yaml,ToyCoopNoPink,IPPO_baseline,False,False,100,"[""empty"", ""wall_a""]",100000000.0,100,98,OK,15625,1873190,"{""/params/Conv_0/kernel"": [2, 2, 4, 64], ""/params/Conv_1/kernel"": [2, 2, 64, 32]}",f097635b2fe42462c6d92a8a754e78fd6cf2934ccf46418279123890288189c6
IPPO,64,empty,5,progress_33,ckpts/ippo/ToyCoopNoPink/modified_wall/empty/ikFalse/reset_all/ippo_layout_eval/lr-20260822-005209/seed5_progress_33.pkl,7494613,outputs/2026-08-22/00-52-09/.hydra/config.yaml,ToyCoopNoPink,IPPO_baseline,False,False,100,"[""empty"", ""wall_a""]",100000000.0,100,98,OK,5209,1873190,"{""/params/Conv_0/kernel"": [2, 2, 4, 64], ""/params/Conv_1/kernel"": [2, 2, 64, 32]}",972445a9fa7ef9181f0732f1ee7d1cba690a78b9bac0d7f5c7bec0fb16f45cd1
IPPO,64,empty,5,progress_67,ckpts/ippo/ToyCoopNoPink/modified_wall/empty/ikFalse/reset_all/ippo_layout_eval/lr-20260822-005209/seed5_progress_67.pkl,7494613,outputs/2026-08-22/00-52-09/.hydra/config.yaml,ToyCoopNoPink,IPPO_baseline,False,False,100,"[""empty"", ""wall_a""]",100000000.0,100,98,OK,10417,1873190,"{""/params/Conv_0/kernel"": [2, 2, 4, 64], ""/params/Conv_1/kernel"": [2, 2, 64, 32]}",e2852714435252dfeab1c051bc4bd0c49dcf6b2fc86e61da8c34aaa96f54852d
IPPO,256,empty,98,final,ckpts/ippo/ToyCoopNoPink/modified_wall/empty_with_xp_numenv256/ikFalse/reset_all/ippo_layout_eval/lr-20260902-033944/seed98_ckpt0_improved_updates3906.pkl,7495257,outputs/2026-09-02/03-39-44/.hydra/config.yaml,ToyCoopNoPink,IPPO_baseline,False,False,100,"[""empty"", ""wall_a""]",100000000.0,100,98,OK,3906,1873190,"{""/params/Conv_0/kernel"": [2, 2, 4, 64], ""/params/Conv_1/kernel"": [2, 2, 64, 32]}",3b737222bf36474d8dd6cd8149b6ec72dffc5b946895a10b177e9441fffbac2f
IPPO,256,empty,98,progress_100,ckpts/ippo/ToyCoopNoPink/modified_wall/empty_with_xp_numenv256/ikFalse/reset_all/ippo_layout_eval/lr-20260902-033944/seed98_progress_100.pkl,7494613,outputs/2026-09-02/03-39-44/.hydra/config.yaml,ToyCoopNoPink,IPPO_baseline,False,False,100,"[""empty"", ""wall_a""]",100000000.0,100,98,OK,3906,1873190,"{""/params/Conv_0/kernel"": [2, 2, 4, 64], ""/params/Conv_1/kernel"": [2, 2, 64, 32]}",3b737222bf36474d8dd6cd8149b6ec72dffc5b946895a10b177e9441fffbac2f
IPPO,256,empty,98,progress_33,ckpts/ippo/ToyCoopNoPink/modified_wall/empty_with_xp_numenv256/ikFalse/reset_all/ippo_layout_eval/lr-20260902-033944/seed98_progress_33.pkl,7494613,outputs/2026-09-02/03-39-44/.hydra/config.yaml,ToyCoopNoPink,IPPO_baseline,False,False,100,"[""empty"", ""wall_a""]",100000000.0,100,98,OK,1302,1873190,"{""/params/Conv_0/kernel"": [2, 2, 4, 64], ""/params/Conv_1/kernel"": [2, 2, 64, 32]}",0f33f701522e4fb10354583f2e4c76715d284c4ede114d8530ac50909afcb366
IPPO,256,empty,98,progress_67,ckpts/ippo/ToyCoopNoPink/modified_wall/empty_with_xp_numenv256/ikFalse/reset_all/ippo_layout_eval/lr-20260902-033944/seed98_progress_67.pkl,7494613,outputs/2026-09-02/03-39-44/.hydra/config.yaml,ToyCoopNoPink,IPPO_baseline,False,False,100,"[""empty"", ""wall_a""]",100000000.0,100,98,OK,2604,1873190,"{""/params/Conv_0/kernel"": [2, 2, 4, 64], ""/params/Conv_1/kernel"": [2, 2, 64, 32]}",309ab1e747eaa4ecd231f620d0e005bca86cd368b3d266092db004d584756480
IPPO,256,empty,0,final,ckpts/ippo/ToyCoopNoPink/modified_wall/empty_with_xp_numenv256/ikFalse/reset_all/ippo_layout_eval/lr-20260902-074426/seed0_ckpt0_improved_updates3906.pkl,7495257,outputs/2026-09-02/07-44-26/.hydra/config.yaml,ToyCoopNoPink,IPPO_baseline,False,False,100,"[""empty"", ""wall_a""]",100000000.0,100,98,OK,3906,1873190,"{""/params/Conv_0/kernel"": [2, 2, 4, 64], ""/params/Conv_1/kernel"": [2, 2, 64, 32]}",55c836f127349b688ece616eb1e38f88b4af6f506dabb8613f0f01da272ab4ef
IPPO,256,empty,0,progress_100,ckpts/ippo/ToyCoopNoPink/modified_wall/empty_with_xp_numenv256/ikFalse/reset_all/ippo_layout_eval/lr-20260902-074426/seed0_progress_100.pkl,7494613,outputs/2026-09-02/07-44-26/.hydra/config.yaml,ToyCoopNoPink,IPPO_baseline,False,False,100,"[""empty"", ""wall_a""]",100000000.0,100,98,OK,3906,1873190,"{""/params/Conv_0/kernel"": [2, 2, 4, 64], ""/params/Conv_1/kernel"": [2, 2, 64, 32]}",55c836f127349b688ece616eb1e38f88b4af6f506dabb8613f0f01da272ab4ef
IPPO,256,empty,0,progress_33,ckpts/ippo/ToyCoopNoPink/modified_wall/empty_with_xp_numenv256/ikFalse/reset_all/ippo_layout_eval/lr-20260902-074426/seed0_progress_33.pkl,7494613,outputs/2026-09-02/07-44-26/.hydra/config.yaml,ToyCoopNoPink,IPPO_baseline,False,False,100,"[""empty"", ""wall_a""]",100000000.0,100,98,OK,1302,1873190,"{""/params/Conv_0/kernel"": [2, 2, 4, 64], ""/params/Conv_1/kernel"": [2, 2, 64, 32]}",95e7b44c8cc31a134637411a668001a4c2772160efa0c582bb5c0949a663f5ba
IPPO,256,empty,0,progress_67,ckpts/ippo/ToyCoopNoPink/modified_wall/empty_with_xp_numenv256/ikFalse/reset_all/ippo_layout_eval/lr-20260902-074426/seed0_progress_67.pkl,7494613,outputs/2026-09-02/07-44-26/.hydra/config.yaml,ToyCoopNoPink,IPPO_baseline,False,False,100,"[""empty"", ""wall_a""]",100000000.0,100,98,OK,2604,1873190,"{""/params/Conv_0/kernel"": [2, 2, 4, 64], ""/params/Conv_1/kernel"": [2, 2, 64, 32]}",97e0a9c7fc18488cc7003267cb98467ccf8331b38c6b5fdb194951b8d6741ac9
IPPO,256,empty,1,final,ckpts/ippo/ToyCoopNoPink/modified_wall/empty_with_xp_numenv256/ikFalse/reset_all/ippo_layout_eval/lr-20260902-114919/seed1_ckpt0_improved_updates3906.pkl,7495257,outputs/2026-09-02/11-49-19/.hydra/config.yaml,ToyCoopNoPink,IPPO_baseline,False,False,100,"[""empty"", ""wall_a""]",100000000.0,100,98,OK,3906,1873190,"{""/params/Conv_0/kernel"": [2, 2, 4, 64], ""/params/Conv_1/kernel"": [2, 2, 64, 32]}",3e65488d112b031de0638a05b92ebd4049a151aa80d434641605f85c9ed6d4e7
IPPO,256,empty,1,progress_100,ckpts/ippo/ToyCoopNoPink/modified_wall/empty_with_xp_numenv256/ikFalse/reset_all/ippo_layout_eval/lr-20260902-114919/seed1_progress_100.pkl,7494613,outputs/2026-09-02/11-49-19/.hydra/config.yaml,ToyCoopNoPink,IPPO_baseline,False,False,100,"[""empty"", ""wall_a""]",100000000.0,100,98,OK,3906,1873190,"{""/params/Conv_0/kernel"": [2, 2, 4, 64], ""/params/Conv_1/kernel"": [2, 2, 64, 32]}",3e65488d112b031de0638a05b92ebd4049a151aa80d434641605f85c9ed6d4e7
IPPO,256,empty,1,progress_33,ckpts/ippo/ToyCoopNoPink/modified_wall/empty_with_xp_numenv256/ikFalse/reset_all/ippo_layout_eval/lr-20260902-114919/seed1_progress_33.pkl,7494613,outputs/2026-09-02/11-49-19/.hydra/config.yaml,ToyCoopNoPink,IPPO_baseline,False,False,100,"[""empty"", ""wall_a""]",100000000.0,100,98,OK,1302,1873190,"{""/params/Conv_0/kernel"": [2, 2, 4, 64], ""/params/Conv_1/kernel"": [2, 2, 64, 32]}",8aa0e593d5851e708458ccd3a68d4653d77c8dd71cdc45249b5ea9a7a43f2fb5
IPPO,256,empty,1,progress_67,ckpts/ippo/ToyCoopNoPink/modified_wall/empty_with_xp_numenv256/ikFalse/reset_all/ippo_layout_eval/lr-20260902-114919/seed1_progress_67.pkl,7494613,outputs/2026-09-02/11-49-19/.hydra/config.yaml,ToyCoopNoPink,IPPO_baseline,False,False,100,"[""empty"", ""wall_a""]",100000000.0,100,98,OK,2604,1873190,"{""/params/Conv_0/kernel"": [2, 2, 4, 64], ""/params/Conv_1/kernel"": [2, 2, 64, 32]}",62ad246b270c23d873e3668632d662bb8a8deb3c760e959b08faa58fb2a06af6
IPPO,256,empty,2,final,ckpts/ippo/ToyCoopNoPink/modified_wall/empty_with_xp_numenv256/ikFalse/reset_all/ippo_layout_eval/lr-20260902-155250/seed2_ckpt0_improved_updates3906.pkl,7495257,outputs/2026-09-02/15-52-50/.hydra/config.yaml,ToyCoopNoPink,IPPO_baseline,False,False,100,"[""empty"", ""wall_a""]",100000000.0,100,98,OK,3906,1873190,"{""/params/Conv_0/kernel"": [2, 2, 4, 64], ""/params/Conv_1/kernel"": [2, 2, 64, 32]}",268af06b8ce29bf8b1fd1b600b5669d99e802effa4024483dd193c8a6dc289f2
IPPO,256,empty,2,progress_100,ckpts/ippo/ToyCoopNoPink/modified_wall/empty_with_xp_numenv256/ikFalse/reset_all/ippo_layout_eval/lr-20260902-155250/seed2_progress_100.pkl,7494613,outputs/2026-09-02/15-52-50/.hydra/config.yaml,ToyCoopNoPink,IPPO_baseline,False,False,100,"[""empty"", ""wall_a""]",100000000.0,100,98,OK,3906,1873190,"{""/params/Conv_0/kernel"": [2, 2, 4, 64], ""/params/Conv_1/kernel"": [2, 2, 64, 32]}",268af06b8ce29bf8b1fd1b600b5669d99e802effa4024483dd193c8a6dc289f2
IPPO,256,empty,2,progress_33,ckpts/ippo/ToyCoopNoPink/modified_wall/empty_with_xp_numenv256/ikFalse/reset_all/ippo_layout_eval/lr-20260902-155250/seed2_progress_33.pkl,7494613,outputs/2026-09-02/15-52-50/.hydra/config.yaml,ToyCoopNoPink,IPPO_baseline,False,False,100,"[""empty"", ""wall_a""]",100000000.0,100,98,OK,1302,1873190,"{""/params/Conv_0/kernel"": [2, 2, 4, 64], ""/params/Conv_1/kernel"": [2, 2, 64, 32]}",6c0290d7b8c014e1357037f5c6707e76c2a1d78f60cba9a768d1ae09496d9513
IPPO,256,empty,2,progress_67,ckpts/ippo/ToyCoopNoPink/modified_wall/empty_with_xp_numenv256/ikFalse/reset_all/ippo_layout_eval/lr-20260902-155250/seed2_progress_67.pkl,7494613,outputs/2026-09-02/15-52-50/.hydra/config.yaml,ToyCoopNoPink,IPPO_baseline,False,False,100,"[""empty"", ""wall_a""]",100000000.0,100,98,OK,2604,1873190,"{""/params/Conv_0/kernel"": [2, 2, 4, 64], ""/params/Conv_1/kernel"": [2, 2, 64, 32]}",cd60140e0ddc955b4e094f922e5424519ec87f01f494d82f360194ff8d6502ad
IPPO,256,empty,3,final,ckpts/ippo/ToyCoopNoPink/modified_wall/empty_with_xp_numenv256/ikFalse/reset_all/ippo_layout_eval/lr-20260902-195226/seed3_ckpt0_improved_updates3906.pkl,7495257,outputs/2026-09-02/19-52-26/.hydra/config.yaml,ToyCoopNoPink,IPPO_baseline,False,False,100,"[""empty"", ""wall_a""]",100000000.0,100,98,OK,3906,1873190,"{""/params/Conv_0/kernel"": [2, 2, 4, 64], ""/params/Conv_1/kernel"": [2, 2, 64, 32]}",36c5229b48cb86f3df5ee57d70b04c300d632943507561d76edb06ea7c031d5f
IPPO,256,empty,3,progress_100,ckpts/ippo/ToyCoopNoPink/modified_wall/empty_with_xp_numenv256/ikFalse/reset_all/ippo_layout_eval/lr-20260902-195226/seed3_progress_100.pkl,7494613,outputs/2026-09-02/19-52-26/.hydra/config.yaml,ToyCoopNoPink,IPPO_baseline,False,False,100,"[""empty"", ""wall_a""]",100000000.0,100,98,OK,3906,1873190,"{""/params/Conv_0/kernel"": [2, 2, 4, 64], ""/params/Conv_1/kernel"": [2, 2, 64, 32]}",36c5229b48cb86f3df5ee57d70b04c300d632943507561d76edb06ea7c031d5f
IPPO,256,empty,3,progress_33,ckpts/ippo/ToyCoopNoPink/modified_wall/empty_with_xp_numenv256/ikFalse/reset_all/ippo_layout_eval/lr-20260902-195226/seed3_progress_33.pkl,7494613,outputs/2026-09-02/19-52-26/.hydra/config.yaml,ToyCoopNoPink,IPPO_baseline,False,False,100,"[""empty"", ""wall_a""]",100000000.0,100,98,OK,1302,1873190,"{""/params/Conv_0/kernel"": [2, 2, 4, 64], ""/params/Conv_1/kernel"": [2, 2, 64, 32]}",cf3bb46ee9b205c7e2cac24d89e6d5c851a0b76742e948be648eaf4f4dd805e9
IPPO,256,empty,3,progress_67,ckpts/ippo/ToyCoopNoPink/modified_wall/empty_with_xp_numenv256/ikFalse/reset_all/ippo_layout_eval/lr-20260902-195226/seed3_progress_67.pkl,7494613,outputs/2026-09-02/19-52-26/.hydra/config.yaml,ToyCoopNoPink,IPPO_baseline,False,False,100,"[""empty"", ""wall_a""]",100000000.0,100,98,OK,2604,1873190,"{""/params/Conv_0/kernel"": [2, 2, 4, 64], ""/params/Conv_1/kernel"": [2, 2, 64, 32]}",b9215b0a9ea0b1610bf4cd2f435cf41befffd7bb67eb08cd12a2c1e03ca9b187
IPPO,256,empty,4,final,ckpts/ippo/ToyCoopNoPink/modified_wall/empty_with_xp_numenv256/ikFalse/reset_all/ippo_layout_eval/lr-20260902-235113/seed4_ckpt0_improved_updates3906.pkl,7495257,outputs/2026-09-02/23-51-13/.hydra/config.yaml,ToyCoopNoPink,IPPO_baseline,False,False,100,"[""empty"", ""wall_a""]",100000000.0,100,98,OK,3906,1873190,"{""/params/Conv_0/kernel"": [2, 2, 4, 64], ""/params/Conv_1/kernel"": [2, 2, 64, 32]}",d90bd4df511b9acd57060c46630ce8c4069a38950747294997c5e2a4a808d0bc
IPPO,256,empty,4,progress_100,ckpts/ippo/ToyCoopNoPink/modified_wall/empty_with_xp_numenv256/ikFalse/reset_all/ippo_layout_eval/lr-20260902-235113/seed4_progress_100.pkl,7494613,outputs/2026-09-02/23-51-13/.hydra/config.yaml,ToyCoopNoPink,IPPO_baseline,False,False,100,"[""empty"", ""wall_a""]",100000000.0,100,98,OK,3906,1873190,"{""/params/Conv_0/kernel"": [2, 2, 4, 64], ""/params/Conv_1/kernel"": [2, 2, 64, 32]}",d90bd4df511b9acd57060c46630ce8c4069a38950747294997c5e2a4a808d0bc
IPPO,256,empty,4,progress_33,ckpts/ippo/ToyCoopNoPink/modified_wall/empty_with_xp_numenv256/ikFalse/reset_all/ippo_layout_eval/lr-20260902-235113/seed4_progress_33.pkl,7494613,outputs/2026-09-02/23-51-13/.hydra/config.yaml,ToyCoopNoPink,IPPO_baseline,False,False,100,"[""empty"", ""wall_a""]",100000000.0,100,98,OK,1302,1873190,"{""/params/Conv_0/kernel"": [2, 2, 4, 64], ""/params/Conv_1/kernel"": [2, 2, 64, 32]}",ac5092adc41a6fc8f6eaba6f3af91b264fcf1f6692266126e36e055ebde9cf86
IPPO,256,empty,4,progress_67,ckpts/ippo/ToyCoopNoPink/modified_wall/empty_with_xp_numenv256/ikFalse/reset_all/ippo_layout_eval/lr-20260902-235113/seed4_progress_67.pkl,7494613,outputs/2026-09-02/23-51-13/.hydra/config.yaml,ToyCoopNoPink,IPPO_baseline,False,False,100,"[""empty"", ""wall_a""]",100000000.0,100,98,OK,2604,1873190,"{""/params/Conv_0/kernel"": [2, 2, 4, 64], ""/params/Conv_1/kernel"": [2, 2, 64, 32]}",1977c3a7b097dd373068da36c48b58bc4dfaf5b9df52cfa2204d3c8d448a8cbc
IPPO,256,empty,5,final,ckpts/ippo/ToyCoopNoPink/modified_wall/empty_with_xp_numenv256/ikFalse/reset_all/ippo_layout_eval/lr-20260903-034656/seed5_ckpt0_improved_updates3906.pkl,7495257,outputs/2026-09-03/03-46-56/.hydra/config.yaml,ToyCoopNoPink,IPPO_baseline,False,False,100,"[""empty"", ""wall_a""]",100000000.0,100,98,OK,3906,1873190,"{""/params/Conv_0/kernel"": [2, 2, 4, 64], ""/params/Conv_1/kernel"": [2, 2, 64, 32]}",32fbedaff31f8a2dafb4472c9631c71b13bad9b9faa4d9c87bc15bd01dd02c89
IPPO,256,empty,5,progress_100,ckpts/ippo/ToyCoopNoPink/modified_wall/empty_with_xp_numenv256/ikFalse/reset_all/ippo_layout_eval/lr-20260903-034656/seed5_progress_100.pkl,7494613,outputs/2026-09-03/03-46-56/.hydra/config.yaml,ToyCoopNoPink,IPPO_baseline,False,False,100,"[""empty"", ""wall_a""]",100000000.0,100,98,OK,3906,1873190,"{""/params/Conv_0/kernel"": [2, 2, 4, 64], ""/params/Conv_1/kernel"": [2, 2, 64, 32]}",32fbedaff31f8a2dafb4472c9631c71b13bad9b9faa4d9c87bc15bd01dd02c89
IPPO,256,empty,5,progress_33,ckpts/ippo/ToyCoopNoPink/modified_wall/empty_with_xp_numenv256/ikFalse/reset_all/ippo_layout_eval/lr-20260903-034656/seed5_progress_33.pkl,7494613,outputs/2026-09-03/03-46-56/.hydra/config.yaml,ToyCoopNoPink,IPPO_baseline,False,False,100,"[""empty"", ""wall_a""]",100000000.0,100,98,OK,1302,1873190,"{""/params/Conv_0/kernel"": [2, 2, 4, 64], ""/params/Conv_1/kernel"": [2, 2, 64, 32]}",77489d5ef18941bcadecce3deaadfb4fa28082ce5ab0beb63d6fa367b4e3ebd2
IPPO,256,empty,5,progress_67,ckpts/ippo/ToyCoopNoPink/modified_wall/empty_with_xp_numenv256/ikFalse/reset_all/ippo_layout_eval/lr-20260903-034656/seed5_progress_67.pkl,7494613,outputs/2026-09-03/03-46-56/.hydra/config.yaml,ToyCoopNoPink,IPPO_baseline,False,False,100,"[""empty"", ""wall_a""]",100000000.0,100,98,OK,2604,1873190,"{""/params/Conv_0/kernel"": [2, 2, 4, 64], ""/params/Conv_1/kernel"": [2, 2, 64, 32]}",db83cba52581f1552da110b98fce1442b5037a983b1c61f79856a00eeaf9853a
CEC,256,mixed,98,final,ckpts/ippo/ToyCoopNoPink/modified_wall/mixed_empty_wall_a_with_xp_numenv256/ikTrue/reset_all/cec_layout_eval/lr-20260831-062443/seed98_ckpt0_improved_updates3906.pkl,7495257,outputs/2026-08-31/06-24-43/.hydra/config.yaml,ToyCoopNoPink,CEC,True,True,100,"[""empty"", ""wall_a""]",100000000.0,100,98,OK,3906,1873190,"{""/params/Conv_0/kernel"": [2, 2, 4, 64], ""/params/Conv_1/kernel"": [2, 2, 64, 32]}",481891f60c968bb008bd8e3082962fa0159d401e7c5e839e7e750cef2ea3ea06
CEC,256,mixed,0,final,ckpts/ippo/ToyCoopNoPink/modified_wall/mixed_empty_wall_a_with_xp_numenv256/ikTrue/reset_all/cec_layout_eval/lr-20260831-102209/seed0_ckpt0_improved_updates3906.pkl,7495257,outputs/2026-08-31/10-22-09/.hydra/config.yaml,ToyCoopNoPink,CEC,True,True,100,"[""empty"", ""wall_a""]",100000000.0,100,98,OK,3906,1873190,"{""/params/Conv_0/kernel"": [2, 2, 4, 64], ""/params/Conv_1/kernel"": [2, 2, 64, 32]}",963eb912ba90a73262986c2045f22b189c8503c25cc430d79d73e3665efca80c
CEC,256,mixed,1,final,ckpts/ippo/ToyCoopNoPink/modified_wall/mixed_empty_wall_a_with_xp_numenv256/ikTrue/reset_all/cec_layout_eval/lr-20260831-141447/seed1_ckpt0_improved_updates3906.pkl,7495257,outputs/2026-08-31/14-14-47/.hydra/config.yaml,ToyCoopNoPink,CEC,True,True,100,"[""empty"", ""wall_a""]",100000000.0,100,98,OK,3906,1873190,"{""/params/Conv_0/kernel"": [2, 2, 4, 64], ""/params/Conv_1/kernel"": [2, 2, 64, 32]}",92351d8c2d4821c87172d3ad1bb0f2f1a5a51dbc0b1bdefaa2b572c248a9f65a
CEC,256,mixed,2,final,ckpts/ippo/ToyCoopNoPink/modified_wall/mixed_empty_wall_a_with_xp_numenv256/ikTrue/reset_all/cec_layout_eval/lr-20260831-181320/seed2_ckpt0_improved_updates3906.pkl,7495257,outputs/2026-08-31/18-13-20/.hydra/config.yaml,ToyCoopNoPink,CEC,True,True,100,"[""empty"", ""wall_a""]",100000000.0,100,98,OK,3906,1873190,"{""/params/Conv_0/kernel"": [2, 2, 4, 64], ""/params/Conv_1/kernel"": [2, 2, 64, 32]}",ce522c9cdaf78cd15e4c2af49efea241c352f584a18f98b7c004afd9a0af47e5
CEC,256,mixed,3,final,ckpts/ippo/ToyCoopNoPink/modified_wall/mixed_empty_wall_a_with_xp_numenv256/ikTrue/reset_all/cec_layout_eval/lr-20260831-220310/seed3_ckpt0_improved_updates3906.pkl,7495257,outputs/2026-08-31/22-03-10/.hydra/config.yaml,ToyCoopNoPink,CEC,True,True,100,"[""empty"", ""wall_a""]",100000000.0,100,98,OK,3906,1873190,"{""/params/Conv_0/kernel"": [2, 2, 4, 64], ""/params/Conv_1/kernel"": [2, 2, 64, 32]}",1c1a19c1455b2456ea145e663652da305583ac867435682ca811232c40d2c0cb
CEC,256,mixed,4,final,ckpts/ippo/ToyCoopNoPink/modified_wall/mixed_empty_wall_a_with_xp_numenv256/ikTrue/reset_all/cec_layout_eval/lr-20260901-020120/seed4_ckpt0_improved_updates3906.pkl,7495257,outputs/2026-09-01/02-01-20/.hydra/config.yaml,ToyCoopNoPink,CEC,True,True,100,"[""empty"", ""wall_a""]",100000000.0,100,98,OK,3906,1873190,"{""/params/Conv_0/kernel"": [2, 2, 4, 64], ""/params/Conv_1/kernel"": [2, 2, 64, 32]}",9f0329e9cc8c8f94cfd25246acf8a12cf7c74efd6e90a8de39fd40eefbba30de
CEC,256,mixed,5,final,ckpts/ippo/ToyCoopNoPink/modified_wall/mixed_empty_wall_a_with_xp_numenv256/ikTrue/reset_all/cec_layout_eval/lr-20260901-055839/seed5_ckpt0_improved_updates3906.pkl,7495257,outputs/2026-09-01/05-58-39/.hydra/config.yaml,ToyCoopNoPink,CEC,True,True,100,"[""empty"", ""wall_a""]",100000000.0,100,98,OK,3906,1873190,"{""/params/Conv_0/kernel"": [2, 2, 4, 64], ""/params/Conv_1/kernel"": [2, 2, 64, 32]}",b6f58d1322719691aa1e90e448e03c80eb3dde7183b892b982192311c865b76c
CEC,64,mixed,98,final,ckpts/ippo/ToyCoopNoPink/modified_wall/mixed_empty_wall_a_with_xp_numenv64/ikTrue/reset_all/cec_layout_eval/lr-20260807-051039/seed98_ckpt0_improved_updates15625.pkl,7495257,MISSING,,,,,,[],,,,OK,15625,1873190,"{""/params/Conv_0/kernel"": [2, 2, 4, 64], ""/params/Conv_1/kernel"": [2, 2, 64, 32]}",caccdcb64a140eb239f72a49680400f147535fc6de7af5fa52887fc1d334e050
CEC,64,mixed,0,final,ckpts/ippo/ToyCoopNoPink/modified_wall/mixed_empty_wall_a_with_xp_numenv64/ikTrue/reset_all/cec_layout_eval/lr-20260807-152224/seed0_ckpt0_improved_updates15625.pkl,7495257,MISSING,,,,,,[],,,,OK,15625,1873190,"{""/params/Conv_0/kernel"": [2, 2, 4, 64], ""/params/Conv_1/kernel"": [2, 2, 64, 32]}",3f17a3b257e05ed895fa4ea26d7410dbd14d00a3a4041b0ec1246efa8a176541
CEC,64,mixed,1,final,ckpts/ippo/ToyCoopNoPink/modified_wall/mixed_empty_wall_a_with_xp_numenv64/ikTrue/reset_all/cec_layout_eval/lr-20260808-121101/seed1_ckpt0_improved_updates15625.pkl,7495257,MISSING,,,,,,[],,,,OK,15625,1873190,"{""/params/Conv_0/kernel"": [2, 2, 4, 64], ""/params/Conv_1/kernel"": [2, 2, 64, 32]}",8dee39e618ee685ca5ea6fb1ab2c1a9572759501789c2279a2791cdfbbb54ed9
CEC,64,mixed,2,final,ckpts/ippo/ToyCoopNoPink/modified_wall/mixed_empty_wall_a_with_xp_numenv64/ikTrue/reset_all/cec_layout_eval/lr-20260809-014035/seed2_ckpt0_improved_updates15625.pkl,7495257,MISSING,,,,,,[],,,,OK,15625,1873190,"{""/params/Conv_0/kernel"": [2, 2, 4, 64], ""/params/Conv_1/kernel"": [2, 2, 64, 32]}",bd193c0d778d6cfaa3132bb82200491d5a9962deecd53ec7e47382d67f366957
CEC,64,mixed,4,final,ckpts/ippo/ToyCoopNoPink/modified_wall/mixed_empty_wall_a_with_xp_numenv64/ikTrue/reset_all/cec_layout_eval/lr-20260818-182941/seed4_ckpt0_improved_updates15625.pkl,7495257,outputs/2026-08-18/18-29-41/.hydra/config.yaml,ToyCoopNoPink,CEC,True,True,100,"[""empty"", ""wall_a""]",100000000.0,100,98,OK,15625,1873190,"{""/params/Conv_0/kernel"": [2, 2, 4, 64], ""/params/Conv_1/kernel"": [2, 2, 64, 32]}",52a0576938e39e100e561d9cdbc5c8443f783a800a94e89ec7d57be0ba0449d6
CEC,64,mixed,5,final,ckpts/ippo/ToyCoopNoPink/modified_wall/mixed_empty_wall_a_with_xp_numenv64/ikTrue/reset_all/cec_layout_eval/lr-20260819-014744/seed5_ckpt0_improved_updates15625.pkl,7495257,outputs/2026-08-19/01-47-44/.hydra/config.yaml,ToyCoopNoPink,CEC,True,True,100,"[""empty"", ""wall_a""]",100000000.0,100,98,OK,15625,1873190,"{""/params/Conv_0/kernel"": [2, 2, 4, 64], ""/params/Conv_1/kernel"": [2, 2, 64, 32]}",3b2cae18115d48b5bfaefd1b991ddb252187d14866283391bda935bef131baeb
CEC,64,mixed,3,final,ckpts/ippo/ToyCoopNoPink/modified_wall/mixed_empty_wall_a_with_xp_numenv64/ikTrue/reset_all/cec_layout_eval/lr-20260823-221000/seed3_ckpt0_improved_updates15625.pkl,7495257,outputs/2026-08-23/22-10-00/.hydra/config.yaml,ToyCoopNoPink,CEC,True,True,100,"[""empty"", ""wall_a""]",100000000.0,100,98,OK,15625,1873190,"{""/params/Conv_0/kernel"": [2, 2, 4, 64], ""/params/Conv_1/kernel"": [2, 2, 64, 32]}",d5a5a7ab7830a20dd87e38dcd2931ab81d494882516f627a26a71e60b1a80996
IPPO,64,wall_a,98,final,ckpts/ippo/ToyCoopNoPink/modified_wall/wall_a/ikFalse/reset_all/ippo_layout_eval/lr-20260819-160857/seed98_ckpt0_improved_updates15625.pkl,7495257,outputs/2026-08-19/16-08-57/.hydra/config.yaml,ToyCoopNoPink,IPPO_baseline,False,False,100,"[""empty"", ""wall_a""]",100000000.0,100,98,OK,15625,1873190,"{""/params/Conv_0/kernel"": [2, 2, 4, 64], ""/params/Conv_1/kernel"": [2, 2, 64, 32]}",5f9ed53ff1ff244e25604abff13fc39e74047bebc14529315f19d444e7281e76
IPPO,64,wall_a,98,progress_100,ckpts/ippo/ToyCoopNoPink/modified_wall/wall_a/ikFalse/reset_all/ippo_layout_eval/lr-20260819-160857/seed98_progress_100.pkl,7494613,outputs/2026-08-19/16-08-57/.hydra/config.yaml,ToyCoopNoPink,IPPO_baseline,False,False,100,"[""empty"", ""wall_a""]",100000000.0,100,98,OK,15625,1873190,"{""/params/Conv_0/kernel"": [2, 2, 4, 64], ""/params/Conv_1/kernel"": [2, 2, 64, 32]}",5f9ed53ff1ff244e25604abff13fc39e74047bebc14529315f19d444e7281e76
IPPO,64,wall_a,98,progress_33,ckpts/ippo/ToyCoopNoPink/modified_wall/wall_a/ikFalse/reset_all/ippo_layout_eval/lr-20260819-160857/seed98_progress_33.pkl,7494613,outputs/2026-08-19/16-08-57/.hydra/config.yaml,ToyCoopNoPink,IPPO_baseline,False,False,100,"[""empty"", ""wall_a""]",100000000.0,100,98,OK,5209,1873190,"{""/params/Conv_0/kernel"": [2, 2, 4, 64], ""/params/Conv_1/kernel"": [2, 2, 64, 32]}",40ff1cd04adc97a3a97ae74435cf37d3818c868a8daafe8a422aba31bcdd7f8e
IPPO,64,wall_a,98,progress_67,ckpts/ippo/ToyCoopNoPink/modified_wall/wall_a/ikFalse/reset_all/ippo_layout_eval/lr-20260819-160857/seed98_progress_67.pkl,7494613,outputs/2026-08-19/16-08-57/.hydra/config.yaml,ToyCoopNoPink,IPPO_baseline,False,False,100,"[""empty"", ""wall_a""]",100000000.0,100,98,OK,10417,1873190,"{""/params/Conv_0/kernel"": [2, 2, 4, 64], ""/params/Conv_1/kernel"": [2, 2, 64, 32]}",b8a224953795e0302d327333fed1d30e1238d40409469ca7d430d0b0b836579b
IPPO,64,wall_a,0,final,ckpts/ippo/ToyCoopNoPink/modified_wall/wall_a/ikFalse/reset_all/ippo_layout_eval/lr-20260819-234439/seed0_ckpt0_improved_updates15625.pkl,7495257,outputs/2026-08-19/23-44-38/.hydra/config.yaml,ToyCoopNoPink,IPPO_baseline,False,False,100,"[""empty"", ""wall_a""]",100000000.0,100,98,OK,15625,1873190,"{""/params/Conv_0/kernel"": [2, 2, 4, 64], ""/params/Conv_1/kernel"": [2, 2, 64, 32]}",655c2571b4f7d02ab37b4305548764e8f7461b712d2ba833d85218756de3ba22
IPPO,64,wall_a,0,progress_100,ckpts/ippo/ToyCoopNoPink/modified_wall/wall_a/ikFalse/reset_all/ippo_layout_eval/lr-20260819-234439/seed0_progress_100.pkl,7494613,outputs/2026-08-19/23-44-38/.hydra/config.yaml,ToyCoopNoPink,IPPO_baseline,False,False,100,"[""empty"", ""wall_a""]",100000000.0,100,98,OK,15625,1873190,"{""/params/Conv_0/kernel"": [2, 2, 4, 64], ""/params/Conv_1/kernel"": [2, 2, 64, 32]}",655c2571b4f7d02ab37b4305548764e8f7461b712d2ba833d85218756de3ba22
IPPO,64,wall_a,0,progress_33,ckpts/ippo/ToyCoopNoPink/modified_wall/wall_a/ikFalse/reset_all/ippo_layout_eval/lr-20260819-234439/seed0_progress_33.pkl,7494613,outputs/2026-08-19/23-44-38/.hydra/config.yaml,ToyCoopNoPink,IPPO_baseline,False,False,100,"[""empty"", ""wall_a""]",100000000.0,100,98,OK,5209,1873190,"{""/params/Conv_0/kernel"": [2, 2, 4, 64], ""/params/Conv_1/kernel"": [2, 2, 64, 32]}",29eb6f40cacb6c40f4f29e17958d2d8416cb8eba4d03314512e6ab2fa2e13bfa
IPPO,64,wall_a,0,progress_67,ckpts/ippo/ToyCoopNoPink/modified_wall/wall_a/ikFalse/reset_all/ippo_layout_eval/lr-20260819-234439/seed0_progress_67.pkl,7494613,outputs/2026-08-19/23-44-38/.hydra/config.yaml,ToyCoopNoPink,IPPO_baseline,False,False,100,"[""empty"", ""wall_a""]",100000000.0,100,98,OK,10417,1873190,"{""/params/Conv_0/kernel"": [2, 2, 4, 64], ""/params/Conv_1/kernel"": [2, 2, 64, 32]}",5c37b597ad12508ea4581722a6396a674ad49eba5cf86e395609bff0cfa8ea1e
IPPO,64,wall_a,1,final,ckpts/ippo/ToyCoopNoPink/modified_wall/wall_a/ikFalse/reset_all/ippo_layout_eval/lr-20260820-072109/seed1_ckpt0_improved_updates15625.pkl,7495257,outputs/2026-08-20/07-21-09/.hydra/config.yaml,ToyCoopNoPink,IPPO_baseline,False,False,100,"[""empty"", ""wall_a""]",100000000.0,100,98,OK,15625,1873190,"{""/params/Conv_0/kernel"": [2, 2, 4, 64], ""/params/Conv_1/kernel"": [2, 2, 64, 32]}",bfa8a1d69f0fb09055718188306717f4d74fa0ba189905a5af2ab90bb1ca0c02
IPPO,64,wall_a,1,progress_100,ckpts/ippo/ToyCoopNoPink/modified_wall/wall_a/ikFalse/reset_all/ippo_layout_eval/lr-20260820-072109/seed1_progress_100.pkl,7494613,outputs/2026-08-20/07-21-09/.hydra/config.yaml,ToyCoopNoPink,IPPO_baseline,False,False,100,"[""empty"", ""wall_a""]",100000000.0,100,98,OK,15625,1873190,"{""/params/Conv_0/kernel"": [2, 2, 4, 64], ""/params/Conv_1/kernel"": [2, 2, 64, 32]}",bfa8a1d69f0fb09055718188306717f4d74fa0ba189905a5af2ab90bb1ca0c02
IPPO,64,wall_a,1,progress_33,ckpts/ippo/ToyCoopNoPink/modified_wall/wall_a/ikFalse/reset_all/ippo_layout_eval/lr-20260820-072109/seed1_progress_33.pkl,7494613,outputs/2026-08-20/07-21-09/.hydra/config.yaml,ToyCoopNoPink,IPPO_baseline,False,False,100,"[""empty"", ""wall_a""]",100000000.0,100,98,OK,5209,1873190,"{""/params/Conv_0/kernel"": [2, 2, 4, 64], ""/params/Conv_1/kernel"": [2, 2, 64, 32]}",10ba1f0c7b5f8f2ab7a4af0186059ddb432d84086efa0187a3ab9611a8b557a1
IPPO,64,wall_a,1,progress_67,ckpts/ippo/ToyCoopNoPink/modified_wall/wall_a/ikFalse/reset_all/ippo_layout_eval/lr-20260820-072109/seed1_progress_67.pkl,7494613,outputs/2026-08-20/07-21-09/.hydra/config.yaml,ToyCoopNoPink,IPPO_baseline,False,False,100,"[""empty"", ""wall_a""]",100000000.0,100,98,OK,10417,1873190,"{""/params/Conv_0/kernel"": [2, 2, 4, 64], ""/params/Conv_1/kernel"": [2, 2, 64, 32]}",08e1a07410f1797ebb564c9c55a54606808efe8314d8135fdcf9282479d95d28
IPPO,64,wall_a,2,final,ckpts/ippo/ToyCoopNoPink/modified_wall/wall_a/ikFalse/reset_all/ippo_layout_eval/lr-20260820-145219/seed2_ckpt0_improved_updates15625.pkl,7495257,outputs/2026-08-20/14-52-19/.hydra/config.yaml,ToyCoopNoPink,IPPO_baseline,False,False,100,"[""empty"", ""wall_a""]",100000000.0,100,98,OK,15625,1873190,"{""/params/Conv_0/kernel"": [2, 2, 4, 64], ""/params/Conv_1/kernel"": [2, 2, 64, 32]}",5e0534833c06c5c524c5a701bd6eb29b45d7e357fa52fdc7c82687d887e281c5
IPPO,64,wall_a,2,progress_100,ckpts/ippo/ToyCoopNoPink/modified_wall/wall_a/ikFalse/reset_all/ippo_layout_eval/lr-20260820-145219/seed2_progress_100.pkl,7494613,outputs/2026-08-20/14-52-19/.hydra/config.yaml,ToyCoopNoPink,IPPO_baseline,False,False,100,"[""empty"", ""wall_a""]",100000000.0,100,98,OK,15625,1873190,"{""/params/Conv_0/kernel"": [2, 2, 4, 64], ""/params/Conv_1/kernel"": [2, 2, 64, 32]}",5e0534833c06c5c524c5a701bd6eb29b45d7e357fa52fdc7c82687d887e281c5
IPPO,64,wall_a,2,progress_33,ckpts/ippo/ToyCoopNoPink/modified_wall/wall_a/ikFalse/reset_all/ippo_layout_eval/lr-20260820-145219/seed2_progress_33.pkl,7494613,outputs/2026-08-20/14-52-19/.hydra/config.yaml,ToyCoopNoPink,IPPO_baseline,False,False,100,"[""empty"", ""wall_a""]",100000000.0,100,98,OK,5209,1873190,"{""/params/Conv_0/kernel"": [2, 2, 4, 64], ""/params/Conv_1/kernel"": [2, 2, 64, 32]}",664eae245ea02937aea6e23a3d8ec80893843401dc4f11082789c30a112e16c1
IPPO,64,wall_a,2,progress_67,ckpts/ippo/ToyCoopNoPink/modified_wall/wall_a/ikFalse/reset_all/ippo_layout_eval/lr-20260820-145219/seed2_progress_67.pkl,7494613,outputs/2026-08-20/14-52-19/.hydra/config.yaml,ToyCoopNoPink,IPPO_baseline,False,False,100,"[""empty"", ""wall_a""]",100000000.0,100,98,OK,10417,1873190,"{""/params/Conv_0/kernel"": [2, 2, 4, 64], ""/params/Conv_1/kernel"": [2, 2, 64, 32]}",c9fa00a2e69222f6db0a4e25cd4659e866e6ae6cd135a5c680389cc2ff4e5a9f
IPPO,64,wall_a,3,final,ckpts/ippo/ToyCoopNoPink/modified_wall/wall_a/ikFalse/reset_all/ippo_layout_eval/lr-20260822-080634/seed3_ckpt0_improved_updates15625.pkl,7495257,outputs/2026-08-22/08-06-34/.hydra/config.yaml,ToyCoopNoPink,IPPO_baseline,False,False,100,"[""empty"", ""wall_a""]",100000000.0,100,98,OK,15625,1873190,"{""/params/Conv_0/kernel"": [2, 2, 4, 64], ""/params/Conv_1/kernel"": [2, 2, 64, 32]}",5840347370470067d3eff04ee79cb04a40c2efca02ba564f129c444585e738a9
IPPO,64,wall_a,3,progress_100,ckpts/ippo/ToyCoopNoPink/modified_wall/wall_a/ikFalse/reset_all/ippo_layout_eval/lr-20260822-080634/seed3_progress_100.pkl,7494613,outputs/2026-08-22/08-06-34/.hydra/config.yaml,ToyCoopNoPink,IPPO_baseline,False,False,100,"[""empty"", ""wall_a""]",100000000.0,100,98,OK,15625,1873190,"{""/params/Conv_0/kernel"": [2, 2, 4, 64], ""/params/Conv_1/kernel"": [2, 2, 64, 32]}",5840347370470067d3eff04ee79cb04a40c2efca02ba564f129c444585e738a9
IPPO,64,wall_a,3,progress_33,ckpts/ippo/ToyCoopNoPink/modified_wall/wall_a/ikFalse/reset_all/ippo_layout_eval/lr-20260822-080634/seed3_progress_33.pkl,7494613,outputs/2026-08-22/08-06-34/.hydra/config.yaml,ToyCoopNoPink,IPPO_baseline,False,False,100,"[""empty"", ""wall_a""]",100000000.0,100,98,OK,5209,1873190,"{""/params/Conv_0/kernel"": [2, 2, 4, 64], ""/params/Conv_1/kernel"": [2, 2, 64, 32]}",c3d08936e6c9554d1a286879b403e81e9ba1be92bdf382ee34960e1715ac9a77
IPPO,64,wall_a,3,progress_67,ckpts/ippo/ToyCoopNoPink/modified_wall/wall_a/ikFalse/reset_all/ippo_layout_eval/lr-20260822-080634/seed3_progress_67.pkl,7494613,outputs/2026-08-22/08-06-34/.hydra/config.yaml,ToyCoopNoPink,IPPO_baseline,False,False,100,"[""empty"", ""wall_a""]",100000000.0,100,98,OK,10417,1873190,"{""/params/Conv_0/kernel"": [2, 2, 4, 64], ""/params/Conv_1/kernel"": [2, 2, 64, 32]}",2b5539d5a2a5e4466b0ad3eb5e1c5832ef87ab7ec04b3d3bac70878f726aeda1
IPPO,64,wall_a,4,final,ckpts/ippo/ToyCoopNoPink/modified_wall/wall_a/ikFalse/reset_all/ippo_layout_eval/lr-20260822-152404/seed4_ckpt0_improved_updates15625.pkl,7495257,outputs/2026-08-22/15-24-04/.hydra/config.yaml,ToyCoopNoPink,IPPO_baseline,False,False,100,"[""empty"", ""wall_a""]",100000000.0,100,98,OK,15625,1873190,"{""/params/Conv_0/kernel"": [2, 2, 4, 64], ""/params/Conv_1/kernel"": [2, 2, 64, 32]}",cba084d057acf72a89cce2688594b12aca895e561af74929522164f53d453bf5
IPPO,64,wall_a,4,progress_100,ckpts/ippo/ToyCoopNoPink/modified_wall/wall_a/ikFalse/reset_all/ippo_layout_eval/lr-20260822-152404/seed4_progress_100.pkl,7494613,outputs/2026-08-22/15-24-04/.hydra/config.yaml,ToyCoopNoPink,IPPO_baseline,False,False,100,"[""empty"", ""wall_a""]",100000000.0,100,98,OK,15625,1873190,"{""/params/Conv_0/kernel"": [2, 2, 4, 64], ""/params/Conv_1/kernel"": [2, 2, 64, 32]}",cba084d057acf72a89cce2688594b12aca895e561af74929522164f53d453bf5
IPPO,64,wall_a,4,progress_33,ckpts/ippo/ToyCoopNoPink/modified_wall/wall_a/ikFalse/reset_all/ippo_layout_eval/lr-20260822-152404/seed4_progress_33.pkl,7494613,outputs/2026-08-22/15-24-04/.hydra/config.yaml,ToyCoopNoPink,IPPO_baseline,False,False,100,"[""empty"", ""wall_a""]",100000000.0,100,98,OK,5209,1873190,"{""/params/Conv_0/kernel"": [2, 2, 4, 64], ""/params/Conv_1/kernel"": [2, 2, 64, 32]}",f69d8c42d06aba5c8ccfe36775a6bccfc0910b8f54af9a24af72a34f62b478b2
IPPO,64,wall_a,4,progress_67,ckpts/ippo/ToyCoopNoPink/modified_wall/wall_a/ikFalse/reset_all/ippo_layout_eval/lr-20260822-152404/seed4_progress_67.pkl,7494613,outputs/2026-08-22/15-24-04/.hydra/config.yaml,ToyCoopNoPink,IPPO_baseline,False,False,100,"[""empty"", ""wall_a""]",100000000.0,100,98,OK,10417,1873190,"{""/params/Conv_0/kernel"": [2, 2, 4, 64], ""/params/Conv_1/kernel"": [2, 2, 64, 32]}",b4657a5ba5b9657976a9bd1bc588427de0e734570d515a62543372a0f30a2f3f
IPPO,64,wall_a,5,final,ckpts/ippo/ToyCoopNoPink/modified_wall/wall_a/ikFalse/reset_all/ippo_layout_eval/lr-20260822-223917/seed5_ckpt0_improved_updates15625.pkl,7495257,outputs/2026-08-22/22-39-17/.hydra/config.yaml,ToyCoopNoPink,IPPO_baseline,False,False,100,"[""empty"", ""wall_a""]",100000000.0,100,98,OK,15625,1873190,"{""/params/Conv_0/kernel"": [2, 2, 4, 64], ""/params/Conv_1/kernel"": [2, 2, 64, 32]}",ead98b6be798e4bf5e22df5d5b4a3ef0b5a5ffc28afadada812ecd743d929af3
IPPO,64,wall_a,5,progress_100,ckpts/ippo/ToyCoopNoPink/modified_wall/wall_a/ikFalse/reset_all/ippo_layout_eval/lr-20260822-223917/seed5_progress_100.pkl,7494613,outputs/2026-08-22/22-39-17/.hydra/config.yaml,ToyCoopNoPink,IPPO_baseline,False,False,100,"[""empty"", ""wall_a""]",100000000.0,100,98,OK,15625,1873190,"{""/params/Conv_0/kernel"": [2, 2, 4, 64], ""/params/Conv_1/kernel"": [2, 2, 64, 32]}",ead98b6be798e4bf5e22df5d5b4a3ef0b5a5ffc28afadada812ecd743d929af3
IPPO,64,wall_a,5,progress_33,ckpts/ippo/ToyCoopNoPink/modified_wall/wall_a/ikFalse/reset_all/ippo_layout_eval/lr-20260822-223917/seed5_progress_33.pkl,7494613,outputs/2026-08-22/22-39-17/.hydra/config.yaml,ToyCoopNoPink,IPPO_baseline,False,False,100,"[""empty"", ""wall_a""]",100000000.0,100,98,OK,5209,1873190,"{""/params/Conv_0/kernel"": [2, 2, 4, 64], ""/params/Conv_1/kernel"": [2, 2, 64, 32]}",00c8f796d1fa226290917178c8eb4e9269ee07e1b95243ef5b1a33b6bc82855b
IPPO,64,wall_a,5,progress_67,ckpts/ippo/ToyCoopNoPink/modified_wall/wall_a/ikFalse/reset_all/ippo_layout_eval/lr-20260822-223917/seed5_progress_67.pkl,7494613,outputs/2026-08-22/22-39-17/.hydra/config.yaml,ToyCoopNoPink,IPPO_baseline,False,False,100,"[""empty"", ""wall_a""]",100000000.0,100,98,OK,10417,1873190,"{""/params/Conv_0/kernel"": [2, 2, 4, 64], ""/params/Conv_1/kernel"": [2, 2, 64, 32]}",4b588cbef9657a1d9b95a3748e00b48d2c0a9998e550bf1898ddd9c80629be4f
IPPO,256,wall_a,98,final,ckpts/ippo/ToyCoopNoPink/modified_wall/wall_a_with_xp_numenv256/ikFalse/reset_all/ippo_layout_eval/lr-20260903-074409/seed98_ckpt0_improved_updates3906.pkl,7495257,outputs/2026-09-03/07-44-09/.hydra/config.yaml,ToyCoopNoPink,IPPO_baseline,False,False,100,"[""empty"", ""wall_a""]",100000000.0,100,98,OK,3906,1873190,"{""/params/Conv_0/kernel"": [2, 2, 4, 64], ""/params/Conv_1/kernel"": [2, 2, 64, 32]}",5d0ecbff5b04d9061929352bf2ed64228ba0f24771db4efdb4078b875493487d
IPPO,256,wall_a,98,progress_100,ckpts/ippo/ToyCoopNoPink/modified_wall/wall_a_with_xp_numenv256/ikFalse/reset_all/ippo_layout_eval/lr-20260903-074409/seed98_progress_100.pkl,7494613,outputs/2026-09-03/07-44-09/.hydra/config.yaml,ToyCoopNoPink,IPPO_baseline,False,False,100,"[""empty"", ""wall_a""]",100000000.0,100,98,OK,3906,1873190,"{""/params/Conv_0/kernel"": [2, 2, 4, 64], ""/params/Conv_1/kernel"": [2, 2, 64, 32]}",5d0ecbff5b04d9061929352bf2ed64228ba0f24771db4efdb4078b875493487d
IPPO,256,wall_a,98,progress_33,ckpts/ippo/ToyCoopNoPink/modified_wall/wall_a_with_xp_numenv256/ikFalse/reset_all/ippo_layout_eval/lr-20260903-074409/seed98_progress_33.pkl,7494613,outputs/2026-09-03/07-44-09/.hydra/config.yaml,ToyCoopNoPink,IPPO_baseline,False,False,100,"[""empty"", ""wall_a""]",100000000.0,100,98,OK,1302,1873190,"{""/params/Conv_0/kernel"": [2, 2, 4, 64], ""/params/Conv_1/kernel"": [2, 2, 64, 32]}",7f27d7fb082a30c900aacdba5ee050065ffd0874fe6c5f81aab58a400bf4e8dc
IPPO,256,wall_a,98,progress_67,ckpts/ippo/ToyCoopNoPink/modified_wall/wall_a_with_xp_numenv256/ikFalse/reset_all/ippo_layout_eval/lr-20260903-074409/seed98_progress_67.pkl,7494613,outputs/2026-09-03/07-44-09/.hydra/config.yaml,ToyCoopNoPink,IPPO_baseline,False,False,100,"[""empty"", ""wall_a""]",100000000.0,100,98,OK,2604,1873190,"{""/params/Conv_0/kernel"": [2, 2, 4, 64], ""/params/Conv_1/kernel"": [2, 2, 64, 32]}",b9c41a7d027e3285a14af0d3e650f1e98293180343ee90f7cb877645f09e7ba5
IPPO,256,wall_a,0,final,ckpts/ippo/ToyCoopNoPink/modified_wall/wall_a_with_xp_numenv256/ikFalse/reset_all/ippo_layout_eval/lr-20260903-114421/seed0_ckpt0_improved_updates3906.pkl,7495257,outputs/2026-09-03/11-44-20/.hydra/config.yaml,ToyCoopNoPink,IPPO_baseline,False,False,100,"[""empty"", ""wall_a""]",100000000.0,100,98,OK,3906,1873190,"{""/params/Conv_0/kernel"": [2, 2, 4, 64], ""/params/Conv_1/kernel"": [2, 2, 64, 32]}",72628cc70397f36337726775ca8ce1f864f512b63f1aadd3989d6f465c07ccb5
IPPO,256,wall_a,0,progress_100,ckpts/ippo/ToyCoopNoPink/modified_wall/wall_a_with_xp_numenv256/ikFalse/reset_all/ippo_layout_eval/lr-20260903-114421/seed0_progress_100.pkl,7494613,outputs/2026-09-03/11-44-20/.hydra/config.yaml,ToyCoopNoPink,IPPO_baseline,False,False,100,"[""empty"", ""wall_a""]",100000000.0,100,98,OK,3906,1873190,"{""/params/Conv_0/kernel"": [2, 2, 4, 64], ""/params/Conv_1/kernel"": [2, 2, 64, 32]}",72628cc70397f36337726775ca8ce1f864f512b63f1aadd3989d6f465c07ccb5
IPPO,256,wall_a,0,progress_33,ckpts/ippo/ToyCoopNoPink/modified_wall/wall_a_with_xp_numenv256/ikFalse/reset_all/ippo_layout_eval/lr-20260903-114421/seed0_progress_33.pkl,7494613,outputs/2026-09-03/11-44-20/.hydra/config.yaml,ToyCoopNoPink,IPPO_baseline,False,False,100,"[""empty"", ""wall_a""]",100000000.0,100,98,OK,1302,1873190,"{""/params/Conv_0/kernel"": [2, 2, 4, 64], ""/params/Conv_1/kernel"": [2, 2, 64, 32]}",99a562b659825c3d919fa4701afb2b2fe96dc4c17ae210ed84e2d25f4a7148fc
IPPO,256,wall_a,0,progress_67,ckpts/ippo/ToyCoopNoPink/modified_wall/wall_a_with_xp_numenv256/ikFalse/reset_all/ippo_layout_eval/lr-20260903-114421/seed0_progress_67.pkl,7494613,outputs/2026-09-03/11-44-20/.hydra/config.yaml,ToyCoopNoPink,IPPO_baseline,False,False,100,"[""empty"", ""wall_a""]",100000000.0,100,98,OK,2604,1873190,"{""/params/Conv_0/kernel"": [2, 2, 4, 64], ""/params/Conv_1/kernel"": [2, 2, 64, 32]}",27a57b54f4f81bd5beae9e18e4e5944338a85809426f66ae2a181bca78be9cd4
IPPO,256,wall_a,1,final,ckpts/ippo/ToyCoopNoPink/modified_wall/wall_a_with_xp_numenv256/ikFalse/reset_all/ippo_layout_eval/lr-20260903-152927/seed1_ckpt0_improved_updates3906.pkl,7495257,outputs/2026-09-03/15-29-27/.hydra/config.yaml,ToyCoopNoPink,IPPO_baseline,False,False,100,"[""empty"", ""wall_a""]",100000000.0,100,98,OK,3906,1873190,"{""/params/Conv_0/kernel"": [2, 2, 4, 64], ""/params/Conv_1/kernel"": [2, 2, 64, 32]}",9595615d3d41f57174ccea15c2d44d61bbc927fc168b084ed6b96d4466d08881
IPPO,256,wall_a,1,progress_100,ckpts/ippo/ToyCoopNoPink/modified_wall/wall_a_with_xp_numenv256/ikFalse/reset_all/ippo_layout_eval/lr-20260903-152927/seed1_progress_100.pkl,7494613,outputs/2026-09-03/15-29-27/.hydra/config.yaml,ToyCoopNoPink,IPPO_baseline,False,False,100,"[""empty"", ""wall_a""]",100000000.0,100,98,OK,3906,1873190,"{""/params/Conv_0/kernel"": [2, 2, 4, 64], ""/params/Conv_1/kernel"": [2, 2, 64, 32]}",9595615d3d41f57174ccea15c2d44d61bbc927fc168b084ed6b96d4466d08881
IPPO,256,wall_a,1,progress_33,ckpts/ippo/ToyCoopNoPink/modified_wall/wall_a_with_xp_numenv256/ikFalse/reset_all/ippo_layout_eval/lr-20260903-152927/seed1_progress_33.pkl,7494613,outputs/2026-09-03/15-29-27/.hydra/config.yaml,ToyCoopNoPink,IPPO_baseline,False,False,100,"[""empty"", ""wall_a""]",100000000.0,100,98,OK,1302,1873190,"{""/params/Conv_0/kernel"": [2, 2, 4, 64], ""/params/Conv_1/kernel"": [2, 2, 64, 32]}",a40c17fbdb7b7937539a064af918ba27cc7c16daff19716436bc68691773175b
IPPO,256,wall_a,1,progress_67,ckpts/ippo/ToyCoopNoPink/modified_wall/wall_a_with_xp_numenv256/ikFalse/reset_all/ippo_layout_eval/lr-20260903-152927/seed1_progress_67.pkl,7494613,outputs/2026-09-03/15-29-27/.hydra/config.yaml,ToyCoopNoPink,IPPO_baseline,False,False,100,"[""empty"", ""wall_a""]",100000000.0,100,98,OK,2604,1873190,"{""/params/Conv_0/kernel"": [2, 2, 4, 64], ""/params/Conv_1/kernel"": [2, 2, 64, 32]}",46e90c54e1af6caa99f6576200b1066b70430800e02b5fc5a3cfe3a0173036ef
IPPO,256,wall_a,2,final,ckpts/ippo/ToyCoopNoPink/modified_wall/wall_a_with_xp_numenv256/ikFalse/reset_all/ippo_layout_eval/lr-20260903-192018/seed2_ckpt0_improved_updates3906.pkl,7495257,outputs/2026-09-03/19-20-18/.hydra/config.yaml,ToyCoopNoPink,IPPO_baseline,False,False,100,"[""empty"", ""wall_a""]",100000000.0,100,98,OK,3906,1873190,"{""/params/Conv_0/kernel"": [2, 2, 4, 64], ""/params/Conv_1/kernel"": [2, 2, 64, 32]}",cc2501950b2ab95b398249fd40a49f0b5e4ed1b40d6bd865271928197aaed76c
IPPO,256,wall_a,2,progress_100,ckpts/ippo/ToyCoopNoPink/modified_wall/wall_a_with_xp_numenv256/ikFalse/reset_all/ippo_layout_eval/lr-20260903-192018/seed2_progress_100.pkl,7494613,outputs/2026-09-03/19-20-18/.hydra/config.yaml,ToyCoopNoPink,IPPO_baseline,False,False,100,"[""empty"", ""wall_a""]",100000000.0,100,98,OK,3906,1873190,"{""/params/Conv_0/kernel"": [2, 2, 4, 64], ""/params/Conv_1/kernel"": [2, 2, 64, 32]}",cc2501950b2ab95b398249fd40a49f0b5e4ed1b40d6bd865271928197aaed76c
IPPO,256,wall_a,2,progress_33,ckpts/ippo/ToyCoopNoPink/modified_wall/wall_a_with_xp_numenv256/ikFalse/reset_all/ippo_layout_eval/lr-20260903-192018/seed2_progress_33.pkl,7494613,outputs/2026-09-03/19-20-18/.hydra/config.yaml,ToyCoopNoPink,IPPO_baseline,False,False,100,"[""empty"", ""wall_a""]",100000000.0,100,98,OK,1302,1873190,"{""/params/Conv_0/kernel"": [2, 2, 4, 64], ""/params/Conv_1/kernel"": [2, 2, 64, 32]}",87b4b8f74981c9c72bf3d60cc32a912cc67eb0184814acf12dc668f49d0e518c
IPPO,256,wall_a,2,progress_67,ckpts/ippo/ToyCoopNoPink/modified_wall/wall_a_with_xp_numenv256/ikFalse/reset_all/ippo_layout_eval/lr-20260903-192018/seed2_progress_67.pkl,7494613,outputs/2026-09-03/19-20-18/.hydra/config.yaml,ToyCoopNoPink,IPPO_baseline,False,False,100,"[""empty"", ""wall_a""]",100000000.0,100,98,OK,2604,1873190,"{""/params/Conv_0/kernel"": [2, 2, 4, 64], ""/params/Conv_1/kernel"": [2, 2, 64, 32]}",c1e8674a15f585dbb8159703a2662990425e5ee48c74a84c62552c76f824aa64
IPPO,256,wall_a,3,final,ckpts/ippo/ToyCoopNoPink/modified_wall/wall_a_with_xp_numenv256/ikFalse/reset_all/ippo_layout_eval/lr-20260903-232555/seed3_ckpt0_improved_updates3906.pkl,7495257,outputs/2026-09-03/23-25-55/.hydra/config.yaml,ToyCoopNoPink,IPPO_baseline,False,False,100,"[""empty"", ""wall_a""]",100000000.0,100,98,OK,3906,1873190,"{""/params/Conv_0/kernel"": [2, 2, 4, 64], ""/params/Conv_1/kernel"": [2, 2, 64, 32]}",c049f1f258aa4a179b7f50a63f8f6f541dffda8aa35a86a1a782061e53de60fd
IPPO,256,wall_a,3,progress_100,ckpts/ippo/ToyCoopNoPink/modified_wall/wall_a_with_xp_numenv256/ikFalse/reset_all/ippo_layout_eval/lr-20260903-232555/seed3_progress_100.pkl,7494613,outputs/2026-09-03/23-25-55/.hydra/config.yaml,ToyCoopNoPink,IPPO_baseline,False,False,100,"[""empty"", ""wall_a""]",100000000.0,100,98,OK,3906,1873190,"{""/params/Conv_0/kernel"": [2, 2, 4, 64], ""/params/Conv_1/kernel"": [2, 2, 64, 32]}",c049f1f258aa4a179b7f50a63f8f6f541dffda8aa35a86a1a782061e53de60fd
IPPO,256,wall_a,3,progress_33,ckpts/ippo/ToyCoopNoPink/modified_wall/wall_a_with_xp_numenv256/ikFalse/reset_all/ippo_layout_eval/lr-20260903-232555/seed3_progress_33.pkl,7494613,outputs/2026-09-03/23-25-55/.hydra/config.yaml,ToyCoopNoPink,IPPO_baseline,False,False,100,"[""empty"", ""wall_a""]",100000000.0,100,98,OK,1302,1873190,"{""/params/Conv_0/kernel"": [2, 2, 4, 64], ""/params/Conv_1/kernel"": [2, 2, 64, 32]}",bfac72dd302c013db809b5a7c337f853dd867c5cfe8aa5223bdcb998162b19c7
IPPO,256,wall_a,3,progress_67,ckpts/ippo/ToyCoopNoPink/modified_wall/wall_a_with_xp_numenv256/ikFalse/reset_all/ippo_layout_eval/lr-20260903-232555/seed3_progress_67.pkl,7494613,outputs/2026-09-03/23-25-55/.hydra/config.yaml,ToyCoopNoPink,IPPO_baseline,False,False,100,"[""empty"", ""wall_a""]",100000000.0,100,98,OK,2604,1873190,"{""/params/Conv_0/kernel"": [2, 2, 4, 64], ""/params/Conv_1/kernel"": [2, 2, 64, 32]}",85d5b23394cb6c0bc2645ca526d41aee5482e3c4805b27bff45a01482ddba3f1
IPPO,256,wall_a,4,final,ckpts/ippo/ToyCoopNoPink/modified_wall/wall_a_with_xp_numenv256/ikFalse/reset_all/ippo_layout_eval/lr-20260904-031359/seed4_ckpt0_improved_updates3906.pkl,7495257,outputs/2026-09-04/03-13-59/.hydra/config.yaml,ToyCoopNoPink,IPPO_baseline,False,False,100,"[""empty"", ""wall_a""]",100000000.0,100,98,OK,3906,1873190,"{""/params/Conv_0/kernel"": [2, 2, 4, 64], ""/params/Conv_1/kernel"": [2, 2, 64, 32]}",1870aefac981a70463fccb79c07f4ee38677d73485c95516f75ecc376abaf068
IPPO,256,wall_a,4,progress_100,ckpts/ippo/ToyCoopNoPink/modified_wall/wall_a_with_xp_numenv256/ikFalse/reset_all/ippo_layout_eval/lr-20260904-031359/seed4_progress_100.pkl,7494613,outputs/2026-09-04/03-13-59/.hydra/config.yaml,ToyCoopNoPink,IPPO_baseline,False,False,100,"[""empty"", ""wall_a""]",100000000.0,100,98,OK,3906,1873190,"{""/params/Conv_0/kernel"": [2, 2, 4, 64], ""/params/Conv_1/kernel"": [2, 2, 64, 32]}",1870aefac981a70463fccb79c07f4ee38677d73485c95516f75ecc376abaf068
IPPO,256,wall_a,4,progress_33,ckpts/ippo/ToyCoopNoPink/modified_wall/wall_a_with_xp_numenv256/ikFalse/reset_all/ippo_layout_eval/lr-20260904-031359/seed4_progress_33.pkl,7494613,outputs/2026-09-04/03-13-59/.hydra/config.yaml,ToyCoopNoPink,IPPO_baseline,False,False,100,"[""empty"", ""wall_a""]",100000000.0,100,98,OK,1302,1873190,"{""/params/Conv_0/kernel"": [2, 2, 4, 64], ""/params/Conv_1/kernel"": [2, 2, 64, 32]}",bb15212d1ace5bcc435babd78b88d7818b7f229df7406746df2a88f0cf167681
IPPO,256,wall_a,4,progress_67,ckpts/ippo/ToyCoopNoPink/modified_wall/wall_a_with_xp_numenv256/ikFalse/reset_all/ippo_layout_eval/lr-20260904-031359/seed4_progress_67.pkl,7494613,outputs/2026-09-04/03-13-59/.hydra/config.yaml,ToyCoopNoPink,IPPO_baseline,False,False,100,"[""empty"", ""wall_a""]",100000000.0,100,98,OK,2604,1873190,"{""/params/Conv_0/kernel"": [2, 2, 4, 64], ""/params/Conv_1/kernel"": [2, 2, 64, 32]}",6df0a6905eab5ec0f2dfb8ad195fabe64be182dc89dd7c4dd1217d968579c537
IPPO,256,wall_a,5,final,ckpts/ippo/ToyCoopNoPink/modified_wall/wall_a_with_xp_numenv256/ikFalse/reset_all/ippo_layout_eval/lr-20260904-070252/seed5_ckpt0_improved_updates3906.pkl,7495257,outputs/2026-09-04/07-02-51/.hydra/config.yaml,ToyCoopNoPink,IPPO_baseline,False,False,100,"[""empty"", ""wall_a""]",100000000.0,100,98,OK,3906,1873190,"{""/params/Conv_0/kernel"": [2, 2, 4, 64], ""/params/Conv_1/kernel"": [2, 2, 64, 32]}",938df398e0b91c5d9738f752e9d1287b48fad392fa1deca1a52e34fb3d8cb087
IPPO,256,wall_a,5,progress_100,ckpts/ippo/ToyCoopNoPink/modified_wall/wall_a_with_xp_numenv256/ikFalse/reset_all/ippo_layout_eval/lr-20260904-070252/seed5_progress_100.pkl,7494613,outputs/2026-09-04/07-02-51/.hydra/config.yaml,ToyCoopNoPink,IPPO_baseline,False,False,100,"[""empty"", ""wall_a""]",100000000.0,100,98,OK,3906,1873190,"{""/params/Conv_0/kernel"": [2, 2, 4, 64], ""/params/Conv_1/kernel"": [2, 2, 64, 32]}",938df398e0b91c5d9738f752e9d1287b48fad392fa1deca1a52e34fb3d8cb087
IPPO,256,wall_a,5,progress_33,ckpts/ippo/ToyCoopNoPink/modified_wall/wall_a_with_xp_numenv256/ikFalse/reset_all/ippo_layout_eval/lr-20260904-070252/seed5_progress_33.pkl,7494613,outputs/2026-09-04/07-02-51/.hydra/config.yaml,ToyCoopNoPink,IPPO_baseline,False,False,100,"[""empty"", ""wall_a""]",100000000.0,100,98,OK,1302,1873190,"{""/params/Conv_0/kernel"": [2, 2, 4, 64], ""/params/Conv_1/kernel"": [2, 2, 64, 32]}",5c997f1a5e22a35315ecb07199a18180aecd0ad778b8a3f1ee64b7e139554a8f
IPPO,256,wall_a,5,progress_67,ckpts/ippo/ToyCoopNoPink/modified_wall/wall_a_with_xp_numenv256/ikFalse/reset_all/ippo_layout_eval/lr-20260904-070252/seed5_progress_67.pkl,7494613,outputs/2026-09-04/07-02-51/.hydra/config.yaml,ToyCoopNoPink,IPPO_baseline,False,False,100,"[""empty"", ""wall_a""]",100000000.0,100,98,OK,2604,1873190,"{""/params/Conv_0/kernel"": [2, 2, 4, 64], ""/params/Conv_1/kernel"": [2, 2, 64, 32]}",c588dc6ea09967bee6104184f2c9b253f8ba79e5b0c221ed9c5a3bc68594f1bd
E3T,64,empty,98,best_e3t,ckpts/e3t/ToyCoopNoPink/modified_wall/empty/ikFalse/reset_all/e3t/lr-20260818-102805/seed98_best_e3t.pkl,19607859,outputs/2026-08-18/10-28-05/.hydra/config.yaml,ToyCoopNoPink,E3T,False,False,,"[""empty"", ""wall_a""]",100000000.0,100,98,OK,12999,4901387,"{""/params/Conv_0/kernel"": [2, 2, 4, 512], ""/params/Conv_1/kernel"": [2, 2, 512, 256]}",8828045d75c2a423fe5062d55e54f3049880d75d656593f837279c01c7a84a9e
E3T,64,empty,98,final,ckpts/e3t/ToyCoopNoPink/modified_wall/empty/ikFalse/reset_all/e3t/lr-20260818-102805/seed98_ckpt0_e3t_updates15625.pkl,19608674,outputs/2026-08-18/10-28-05/.hydra/config.yaml,ToyCoopNoPink,E3T,False,False,,"[""empty"", ""wall_a""]",100000000.0,100,98,OK,15625,4901387,"{""/params/Conv_0/kernel"": [2, 2, 4, 512], ""/params/Conv_1/kernel"": [2, 2, 512, 256]}",9a450b8f9b734b535ffb5ec7839b35a8f085406dc91bbee311315473c57c2249
E3T,64,empty,0,best_e3t,ckpts/e3t/ToyCoopNoPink/modified_wall/empty/ikFalse/reset_all/e3t/lr-20260819-070915/seed0_best_e3t.pkl,19607859,outputs/2026-08-19/07-09-15/.hydra/config.yaml,ToyCoopNoPink,E3T,False,False,,"[""empty"", ""wall_a""]",100000000.0,100,98,OK,15586,4901387,"{""/params/Conv_0/kernel"": [2, 2, 4, 512], ""/params/Conv_1/kernel"": [2, 2, 512, 256]}",9cc4dfcad28d4b9e8654ce381a3fed6c069d33cc8cf27e824f7e197f12bd7443
E3T,64,empty,0,final,ckpts/e3t/ToyCoopNoPink/modified_wall/empty/ikFalse/reset_all/e3t/lr-20260819-070915/seed0_ckpt0_e3t_updates15625.pkl,19608674,outputs/2026-08-19/07-09-15/.hydra/config.yaml,ToyCoopNoPink,E3T,False,False,,"[""empty"", ""wall_a""]",100000000.0,100,98,OK,15625,4901387,"{""/params/Conv_0/kernel"": [2, 2, 4, 512], ""/params/Conv_1/kernel"": [2, 2, 512, 256]}",3d0b265ec6b834190e2102011f51cf8e05f4bb3090c71ac3f7dd1a148bc96653
E3T,64,empty,1,best_e3t,ckpts/e3t/ToyCoopNoPink/modified_wall/empty/ikFalse/reset_all/e3t/lr-20260820-041728/seed1_best_e3t.pkl,19607859,outputs/2026-08-20/04-17-28/.hydra/config.yaml,ToyCoopNoPink,E3T,False,False,,"[""empty"", ""wall_a""]",100000000.0,100,98,OK,12869,4901387,"{""/params/Conv_0/kernel"": [2, 2, 4, 512], ""/params/Conv_1/kernel"": [2, 2, 512, 256]}",d760883c0eff6c6cde428aed49f82a783a6369b256e23368804cf7bb12f08f3c
E3T,64,empty,1,final,ckpts/e3t/ToyCoopNoPink/modified_wall/empty/ikFalse/reset_all/e3t/lr-20260820-041728/seed1_ckpt0_e3t_updates15625.pkl,19608674,outputs/2026-08-20/04-17-28/.hydra/config.yaml,ToyCoopNoPink,E3T,False,False,,"[""empty"", ""wall_a""]",100000000.0,100,98,OK,15625,4901387,"{""/params/Conv_0/kernel"": [2, 2, 4, 512], ""/params/Conv_1/kernel"": [2, 2, 512, 256]}",d500372675b502a65de38cc2f67a11e8d7d4c8665be5db70d51a630fe69390f1
E3T,64,empty,2,best_e3t,ckpts/e3t/ToyCoopNoPink/modified_wall/empty/ikFalse/reset_all/e3t/lr-20260821-013121/seed2_best_e3t.pkl,19607859,outputs/2026-08-21/01-31-21/.hydra/config.yaml,ToyCoopNoPink,E3T,False,False,,"[""empty"", ""wall_a""]",100000000.0,100,98,OK,14868,4901387,"{""/params/Conv_0/kernel"": [2, 2, 4, 512], ""/params/Conv_1/kernel"": [2, 2, 512, 256]}",f0e6e6fc0ae7a6867fa54fe873844f35a4247139ac90523540b0dc6dd66de0a3
E3T,64,empty,2,final,ckpts/e3t/ToyCoopNoPink/modified_wall/empty/ikFalse/reset_all/e3t/lr-20260821-013121/seed2_ckpt0_e3t_updates15625.pkl,19608674,outputs/2026-08-21/01-31-21/.hydra/config.yaml,ToyCoopNoPink,E3T,False,False,,"[""empty"", ""wall_a""]",100000000.0,100,98,OK,15625,4901387,"{""/params/Conv_0/kernel"": [2, 2, 4, 512], ""/params/Conv_1/kernel"": [2, 2, 512, 256]}",29c626a791400ffb249a3b576b521904a6443d34461f4d280a9cbb9ab26bc518
E3T,64,empty,3,best_e3t,ckpts/e3t/ToyCoopNoPink/modified_wall/empty/ikFalse/reset_all/e3t/lr-20260824-095655/seed3_best_e3t.pkl,19607859,outputs/2026-08-24/09-56-55/.hydra/config.yaml,ToyCoopNoPink,E3T,False,False,,"[""empty"", ""wall_a""]",100000000.0,100,98,OK,15475,4901387,"{""/params/Conv_0/kernel"": [2, 2, 4, 512], ""/params/Conv_1/kernel"": [2, 2, 512, 256]}",696d7f8b3170d8fa49e568ab88965ee04846b8559cdb3bc4a173149a73cdb29e
E3T,64,empty,3,final,ckpts/e3t/ToyCoopNoPink/modified_wall/empty/ikFalse/reset_all/e3t/lr-20260824-095655/seed3_ckpt0_e3t_updates15625.pkl,19608674,outputs/2026-08-24/09-56-55/.hydra/config.yaml,ToyCoopNoPink,E3T,False,False,,"[""empty"", ""wall_a""]",100000000.0,100,98,OK,15625,4901387,"{""/params/Conv_0/kernel"": [2, 2, 4, 512], ""/params/Conv_1/kernel"": [2, 2, 512, 256]}",9c9efaa8dee09cf2b5e22b063a53121484937288a3d15150f645be25d59ccfc7
E3T,64,empty,4,best_e3t,ckpts/e3t/ToyCoopNoPink/modified_wall/empty/ikFalse/reset_all/e3t/lr-20260825-072237/seed4_best_e3t.pkl,19607859,outputs/2026-08-25/07-22-36/.hydra/config.yaml,ToyCoopNoPink,E3T,False,False,,"[""empty"", ""wall_a""]",100000000.0,100,98,OK,15431,4901387,"{""/params/Conv_0/kernel"": [2, 2, 4, 512], ""/params/Conv_1/kernel"": [2, 2, 512, 256]}",e5bb6c65fa98e5bd68bc7f084b99e7e5267a7bdd79ceb2db806be409979ec269
E3T,64,empty,4,final,ckpts/e3t/ToyCoopNoPink/modified_wall/empty/ikFalse/reset_all/e3t/lr-20260825-072237/seed4_ckpt0_e3t_updates15625.pkl,19608674,outputs/2026-08-25/07-22-36/.hydra/config.yaml,ToyCoopNoPink,E3T,False,False,,"[""empty"", ""wall_a""]",100000000.0,100,98,OK,15625,4901387,"{""/params/Conv_0/kernel"": [2, 2, 4, 512], ""/params/Conv_1/kernel"": [2, 2, 512, 256]}",b34d945accd0c06b047f9239d8991899376121f54f464b08ae2aec46cd46fb54
E3T,64,empty,5,best_e3t,ckpts/e3t/ToyCoopNoPink/modified_wall/empty/ikFalse/reset_all/e3t/lr-20260826-042539/seed5_best_e3t.pkl,19607859,outputs/2026-08-26/04-25-38/.hydra/config.yaml,ToyCoopNoPink,E3T,False,False,,"[""empty"", ""wall_a""]",100000000.0,100,98,OK,11799,4901387,"{""/params/Conv_0/kernel"": [2, 2, 4, 512], ""/params/Conv_1/kernel"": [2, 2, 512, 256]}",409d46f2dfcce261f65c2b0698ca832c0a85e38317a6e160cdd57401534052bf
E3T,64,empty,5,final,ckpts/e3t/ToyCoopNoPink/modified_wall/empty/ikFalse/reset_all/e3t/lr-20260826-042539/seed5_ckpt0_e3t_updates15625.pkl,19608674,outputs/2026-08-26/04-25-38/.hydra/config.yaml,ToyCoopNoPink,E3T,False,False,,"[""empty"", ""wall_a""]",100000000.0,100,98,OK,15625,4901387,"{""/params/Conv_0/kernel"": [2, 2, 4, 512], ""/params/Conv_1/kernel"": [2, 2, 512, 256]}",070de6749191fabeac63872c677e494726cf1938f2d1e420c8622a988076946a
E3T,256,empty,98,best_e3t,ckpts/e3t/ToyCoopNoPink/modified_wall/empty_with_xp_numenv256/ikFalse/reset_all/e3t/lr-20260831-062410/seed98_best_e3t.pkl,19607859,outputs/2026-08-31/06-24-10/.hydra/config.yaml,ToyCoopNoPink,E3T,False,False,,"[""empty"", ""wall_a""]",100000000.0,100,98,OK,3899,4901387,"{""/params/Conv_0/kernel"": [2, 2, 4, 512], ""/params/Conv_1/kernel"": [2, 2, 512, 256]}",d4ed5fdea62ba87d3e8ace815b30da9edd1e866e8714d740b01cb85f1fb0c3b9
E3T,256,empty,98,final,ckpts/e3t/ToyCoopNoPink/modified_wall/empty_with_xp_numenv256/ikFalse/reset_all/e3t/lr-20260831-062410/seed98_ckpt0_e3t_updates3906.pkl,19608674,outputs/2026-08-31/06-24-10/.hydra/config.yaml,ToyCoopNoPink,E3T,False,False,,"[""empty"", ""wall_a""]",100000000.0,100,98,OK,3906,4901387,"{""/params/Conv_0/kernel"": [2, 2, 4, 512], ""/params/Conv_1/kernel"": [2, 2, 512, 256]}",1f0def97d76cd1be8f1fee05cfbee602bcc448893528a12a1c19f7748c9f3c7c
E3T,256,empty,0,best_e3t,ckpts/e3t/ToyCoopNoPink/modified_wall/empty_with_xp_numenv256/ikFalse/reset_all/e3t/lr-20260902-033607/seed0_best_e3t.pkl,19607859,outputs/2026-09-02/03-36-07/.hydra/config.yaml,ToyCoopNoPink,E3T,False,False,,"[""empty"", ""wall_a""]",100000000.0,100,98,OK,3905,4901387,"{""/params/Conv_0/kernel"": [2, 2, 4, 512], ""/params/Conv_1/kernel"": [2, 2, 512, 256]}",678d75b661bcb5ad3b5d93317c663402e274900b042d8692ce04d22d2ad4da2c
E3T,256,empty,0,final,ckpts/e3t/ToyCoopNoPink/modified_wall/empty_with_xp_numenv256/ikFalse/reset_all/e3t/lr-20260902-033607/seed0_ckpt0_e3t_updates3906.pkl,19608674,outputs/2026-09-02/03-36-07/.hydra/config.yaml,ToyCoopNoPink,E3T,False,False,,"[""empty"", ""wall_a""]",100000000.0,100,98,OK,3906,4901387,"{""/params/Conv_0/kernel"": [2, 2, 4, 512], ""/params/Conv_1/kernel"": [2, 2, 512, 256]}",678d75b661bcb5ad3b5d93317c663402e274900b042d8692ce04d22d2ad4da2c
E3T,256,empty,1,best_e3t,ckpts/e3t/ToyCoopNoPink/modified_wall/empty_with_xp_numenv256/ikFalse/reset_all/e3t/lr-20260902-213224/seed1_best_e3t.pkl,19607859,outputs/2026-09-02/21-32-24/.hydra/config.yaml,ToyCoopNoPink,E3T,False,False,,"[""empty"", ""wall_a""]",100000000.0,100,98,OK,562,4901387,"{""/params/Conv_0/kernel"": [2, 2, 4, 512], ""/params/Conv_1/kernel"": [2, 2, 512, 256]}",d074ed3a8d581ee689392986bb41fb381523a134c70acd570d424806e6ef5994
E3T,256,empty,1,final,ckpts/e3t/ToyCoopNoPink/modified_wall/empty_with_xp_numenv256/ikFalse/reset_all/e3t/lr-20260902-213224/seed1_ckpt0_e3t_updates3906.pkl,19608674,outputs/2026-09-02/21-32-24/.hydra/config.yaml,ToyCoopNoPink,E3T,False,False,,"[""empty"", ""wall_a""]",100000000.0,100,98,OK,3906,4901387,"{""/params/Conv_0/kernel"": [2, 2, 4, 512], ""/params/Conv_1/kernel"": [2, 2, 512, 256]}",fc01c7ed597f6ea736f8df9204b7d32be76be42b5ff8e6f8059dd5921bdac6e6
E3T,256,empty,2,best_e3t,ckpts/e3t/ToyCoopNoPink/modified_wall/empty_with_xp_numenv256/ikFalse/reset_all/e3t/lr-20260903-151542/seed2_best_e3t.pkl,19607859,outputs/2026-09-03/15-15-42/.hydra/config.yaml,ToyCoopNoPink,E3T,False,False,,"[""empty"", ""wall_a""]",100000000.0,100,98,OK,2688,4901387,"{""/params/Conv_0/kernel"": [2, 2, 4, 512], ""/params/Conv_1/kernel"": [2, 2, 512, 256]}",b6e4cc0e29966f5a5cccebd9597f26b20d7e95787cb4e011295628c2b17a4652
E3T,256,empty,2,final,ckpts/e3t/ToyCoopNoPink/modified_wall/empty_with_xp_numenv256/ikFalse/reset_all/e3t/lr-20260903-151542/seed2_ckpt0_e3t_updates3906.pkl,19608674,outputs/2026-09-03/15-15-42/.hydra/config.yaml,ToyCoopNoPink,E3T,False,False,,"[""empty"", ""wall_a""]",100000000.0,100,98,OK,3906,4901387,"{""/params/Conv_0/kernel"": [2, 2, 4, 512], ""/params/Conv_1/kernel"": [2, 2, 512, 256]}",bc8fcb52cb60a999a879af539eec87cb0651f19bbde7ef80b63d83c1e9066d29
E3T,256,empty,3,best_e3t,ckpts/e3t/ToyCoopNoPink/modified_wall/empty_with_xp_numenv256/ikFalse/reset_all/e3t/lr-20260904-084217/seed3_best_e3t.pkl,19607859,outputs/2026-09-04/08-42-17/.hydra/config.yaml,ToyCoopNoPink,E3T,False,False,,"[""empty"", ""wall_a""]",100000000.0,100,98,OK,3894,4901387,"{""/params/Conv_0/kernel"": [2, 2, 4, 512], ""/params/Conv_1/kernel"": [2, 2, 512, 256]}",de2abb0f6c215a416d43c4cca07c4ffe4ee66992f041a075f3082166b439497c
E3T,256,empty,3,final,ckpts/e3t/ToyCoopNoPink/modified_wall/empty_with_xp_numenv256/ikFalse/reset_all/e3t/lr-20260904-084217/seed3_ckpt0_e3t_updates3906.pkl,19608674,outputs/2026-09-04/08-42-17/.hydra/config.yaml,ToyCoopNoPink,E3T,False,False,,"[""empty"", ""wall_a""]",100000000.0,100,98,OK,3906,4901387,"{""/params/Conv_0/kernel"": [2, 2, 4, 512], ""/params/Conv_1/kernel"": [2, 2, 512, 256]}",f577ff0fc91b6c6bef7dbee33918110ec9e5b5102b6ca55e28fe8c36a3b0997a
E3T,256,empty,4,best_e3t,ckpts/e3t/ToyCoopNoPink/modified_wall/empty_with_xp_numenv256/ikFalse/reset_all/e3t/lr-20260905-025017/seed4_best_e3t.pkl,19607859,outputs/2026-09-05/02-50-17/.hydra/config.yaml,ToyCoopNoPink,E3T,False,False,,"[""empty"", ""wall_a""]",100000000.0,100,98,OK,3343,4901387,"{""/params/Conv_0/kernel"": [2, 2, 4, 512], ""/params/Conv_1/kernel"": [2, 2, 512, 256]}",3fd3ec2b3a6dda105548cf026d806c4007e16580db4b4fc77bffa9081a5ed60c
E3T,256,empty,4,final,ckpts/e3t/ToyCoopNoPink/modified_wall/empty_with_xp_numenv256/ikFalse/reset_all/e3t/lr-20260905-025017/seed4_ckpt0_e3t_updates3906.pkl,19608674,outputs/2026-09-05/02-50-17/.hydra/config.yaml,ToyCoopNoPink,E3T,False,False,,"[""empty"", ""wall_a""]",100000000.0,100,98,OK,3906,4901387,"{""/params/Conv_0/kernel"": [2, 2, 4, 512], ""/params/Conv_1/kernel"": [2, 2, 512, 256]}",82cd07129cd3aa7e8784fc187efa20a8dac09a2db12e241dc9bbb15cbdd527f3
E3T,256,empty,5,best_e3t,ckpts/e3t/ToyCoopNoPink/modified_wall/empty_with_xp_numenv256/ikFalse/reset_all/e3t/lr-20260905-210010/seed5_best_e3t.pkl,19607859,outputs/2026-09-05/21-00-09/.hydra/config.yaml,ToyCoopNoPink,E3T,False,False,,"[""empty"", ""wall_a""]",100000000.0,100,98,OK,2738,4901387,"{""/params/Conv_0/kernel"": [2, 2, 4, 512], ""/params/Conv_1/kernel"": [2, 2, 512, 256]}",22f8713fd8ca478670ee444d891f72d67449eb9f6261db36199a62de2b8e73d8
E3T,256,empty,5,final,ckpts/e3t/ToyCoopNoPink/modified_wall/empty_with_xp_numenv256/ikFalse/reset_all/e3t/lr-20260905-210010/seed5_ckpt0_e3t_updates3906.pkl,19608674,outputs/2026-09-05/21-00-09/.hydra/config.yaml,ToyCoopNoPink,E3T,False,False,,"[""empty"", ""wall_a""]",100000000.0,100,98,OK,3906,4901387,"{""/params/Conv_0/kernel"": [2, 2, 4, 512], ""/params/Conv_1/kernel"": [2, 2, 512, 256]}",7106a4b4c655d108c4a72598c68285e86d1702ca3ad7b34af595724f0ebec556
E3T,64,wall_a,98,best_e3t,ckpts/e3t/ToyCoopNoPink/modified_wall/wall_a/ikFalse/reset_all/e3t/lr-20260821-221139/seed98_best_e3t.pkl,19607859,outputs/2026-08-21/22-11-39/.hydra/config.yaml,ToyCoopNoPink,E3T,False,False,,"[""empty"", ""wall_a""]",100000000.0,100,98,OK,12542,4901387,"{""/params/Conv_0/kernel"": [2, 2, 4, 512], ""/params/Conv_1/kernel"": [2, 2, 512, 256]}",d93da550cd1366e15b8ad6ee1f3f1239f18227345b78539c4ba387bf348ab7d9
E3T,64,wall_a,98,final,ckpts/e3t/ToyCoopNoPink/modified_wall/wall_a/ikFalse/reset_all/e3t/lr-20260821-221139/seed98_ckpt0_e3t_updates15625.pkl,19608674,outputs/2026-08-21/22-11-39/.hydra/config.yaml,ToyCoopNoPink,E3T,False,False,,"[""empty"", ""wall_a""]",100000000.0,100,98,OK,15625,4901387,"{""/params/Conv_0/kernel"": [2, 2, 4, 512], ""/params/Conv_1/kernel"": [2, 2, 512, 256]}",fcb7871b2abff2aa06300dbf342511066bddafe13321c5b5b913f95606054220
E3T,64,wall_a,0,best_e3t,ckpts/e3t/ToyCoopNoPink/modified_wall/wall_a/ikFalse/reset_all/e3t/lr-20260822-184621/seed0_best_e3t.pkl,19607859,outputs/2026-08-22/18-46-21/.hydra/config.yaml,ToyCoopNoPink,E3T,False,False,,"[""empty"", ""wall_a""]",100000000.0,100,98,OK,12949,4901387,"{""/params/Conv_0/kernel"": [2, 2, 4, 512], ""/params/Conv_1/kernel"": [2, 2, 512, 256]}",d9fbd08bcea632aa30f2780a7f5745fac7eb11380bedfb71bc5f14cc5d41993d
E3T,64,wall_a,0,final,ckpts/e3t/ToyCoopNoPink/modified_wall/wall_a/ikFalse/reset_all/e3t/lr-20260822-184621/seed0_ckpt0_e3t_updates15625.pkl,19608674,outputs/2026-08-22/18-46-21/.hydra/config.yaml,ToyCoopNoPink,E3T,False,False,,"[""empty"", ""wall_a""]",100000000.0,100,98,OK,15625,4901387,"{""/params/Conv_0/kernel"": [2, 2, 4, 512], ""/params/Conv_1/kernel"": [2, 2, 512, 256]}",d62080e9b572d8feb976424a48d7fbb9dc97d619f3c00c16bee4f9a58337f3d6
E3T,64,wall_a,1,best_e3t,ckpts/e3t/ToyCoopNoPink/modified_wall/wall_a/ikFalse/reset_all/e3t/lr-20260823-153329/seed1_best_e3t.pkl,19607859,outputs/2026-08-23/15-33-29/.hydra/config.yaml,ToyCoopNoPink,E3T,False,False,,"[""empty"", ""wall_a""]",100000000.0,100,98,OK,12791,4901387,"{""/params/Conv_0/kernel"": [2, 2, 4, 512], ""/params/Conv_1/kernel"": [2, 2, 512, 256]}",fca92326187125a2072ef4d3e5bf100df86d693253124f0e55aab7566a8752fa
E3T,64,wall_a,1,final,ckpts/e3t/ToyCoopNoPink/modified_wall/wall_a/ikFalse/reset_all/e3t/lr-20260823-153329/seed1_ckpt0_e3t_updates15625.pkl,19608674,outputs/2026-08-23/15-33-29/.hydra/config.yaml,ToyCoopNoPink,E3T,False,False,,"[""empty"", ""wall_a""]",100000000.0,100,98,OK,15625,4901387,"{""/params/Conv_0/kernel"": [2, 2, 4, 512], ""/params/Conv_1/kernel"": [2, 2, 512, 256]}",f017a9bb3d572b18ca7b04389510651a131d10df18c8e5484d85ce526a4d78fa
E3T,64,wall_a,3,best_e3t,ckpts/e3t/ToyCoopNoPink/modified_wall/wall_a/ikFalse/reset_all/e3t/lr-20260824-095920/seed3_best_e3t.pkl,19607859,outputs/2026-08-24/09-59-20/.hydra/config.yaml,ToyCoopNoPink,E3T,False,False,,"[""empty"", ""wall_a""]",100000000.0,100,98,OK,10386,4901387,"{""/params/Conv_0/kernel"": [2, 2, 4, 512], ""/params/Conv_1/kernel"": [2, 2, 512, 256]}",2e2cba34ec5b0808ffd46a447a7be9abb99955090a8bdbb41373a31fc24e3fda
E3T,64,wall_a,3,final,ckpts/e3t/ToyCoopNoPink/modified_wall/wall_a/ikFalse/reset_all/e3t/lr-20260824-095920/seed3_ckpt0_e3t_updates15625.pkl,19608674,outputs/2026-08-24/09-59-20/.hydra/config.yaml,ToyCoopNoPink,E3T,False,False,,"[""empty"", ""wall_a""]",100000000.0,100,98,OK,15625,4901387,"{""/params/Conv_0/kernel"": [2, 2, 4, 512], ""/params/Conv_1/kernel"": [2, 2, 512, 256]}",463223c4c71c1765cd3b9fe8cb67019d6465351018c8b2fcda0c906b5e75043a
E3T,64,wall_a,2,best_e3t,ckpts/e3t/ToyCoopNoPink/modified_wall/wall_a/ikFalse/reset_all/e3t/lr-20260824-121938/seed2_best_e3t.pkl,19607859,outputs/2026-08-24/12-19-37/.hydra/config.yaml,ToyCoopNoPink,E3T,False,False,,"[""empty"", ""wall_a""]",100000000.0,100,98,OK,10913,4901387,"{""/params/Conv_0/kernel"": [2, 2, 4, 512], ""/params/Conv_1/kernel"": [2, 2, 512, 256]}",25a6f262d9718ecd1ca721b24b2c72614f1fc1c2d610c469ebd36a5774709f62
E3T,64,wall_a,2,final,ckpts/e3t/ToyCoopNoPink/modified_wall/wall_a/ikFalse/reset_all/e3t/lr-20260824-121938/seed2_ckpt0_e3t_updates15625.pkl,19608674,outputs/2026-08-24/12-19-37/.hydra/config.yaml,ToyCoopNoPink,E3T,False,False,,"[""empty"", ""wall_a""]",100000000.0,100,98,OK,15625,4901387,"{""/params/Conv_0/kernel"": [2, 2, 4, 512], ""/params/Conv_1/kernel"": [2, 2, 512, 256]}",809e5ecf2c0609e3f59ff3ee3d0e7824d1680fbacf185487c73a45bcd404a05f
E3T,64,wall_a,4,best_e3t,ckpts/e3t/ToyCoopNoPink/modified_wall/wall_a/ikFalse/reset_all/e3t/lr-20260825-065242/seed4_best_e3t.pkl,19607859,outputs/2026-08-25/06-52-42/.hydra/config.yaml,ToyCoopNoPink,E3T,False,False,,"[""empty"", ""wall_a""]",100000000.0,100,98,OK,15439,4901387,"{""/params/Conv_0/kernel"": [2, 2, 4, 512], ""/params/Conv_1/kernel"": [2, 2, 512, 256]}",43309f10899dc142c1d0ba52234aa583559a5572c9f6504caadf7af0554f273a
E3T,64,wall_a,4,final,ckpts/e3t/ToyCoopNoPink/modified_wall/wall_a/ikFalse/reset_all/e3t/lr-20260825-065242/seed4_ckpt0_e3t_updates15625.pkl,19608674,outputs/2026-08-25/06-52-42/.hydra/config.yaml,ToyCoopNoPink,E3T,False,False,,"[""empty"", ""wall_a""]",100000000.0,100,98,OK,15625,4901387,"{""/params/Conv_0/kernel"": [2, 2, 4, 512], ""/params/Conv_1/kernel"": [2, 2, 512, 256]}",f19babbabdf4f7b4b038230cdf60b2c85b57922a09cb59e33416fd3331e1d6e6
E3T,64,wall_a,5,best_e3t,ckpts/e3t/ToyCoopNoPink/modified_wall/wall_a/ikFalse/reset_all/e3t/lr-20260826-035214/seed5_best_e3t.pkl,19607859,outputs/2026-08-26/03-52-14/.hydra/config.yaml,ToyCoopNoPink,E3T,False,False,,"[""empty"", ""wall_a""]",100000000.0,100,98,OK,12854,4901387,"{""/params/Conv_0/kernel"": [2, 2, 4, 512], ""/params/Conv_1/kernel"": [2, 2, 512, 256]}",0c2f635b0108f67360c6f636f75f2c7bc12a66a2bd3c35d59375b066c4a6d5a1
E3T,64,wall_a,5,final,ckpts/e3t/ToyCoopNoPink/modified_wall/wall_a/ikFalse/reset_all/e3t/lr-20260826-035214/seed5_ckpt0_e3t_updates15625.pkl,19608674,outputs/2026-08-26/03-52-14/.hydra/config.yaml,ToyCoopNoPink,E3T,False,False,,"[""empty"", ""wall_a""]",100000000.0,100,98,OK,15625,4901387,"{""/params/Conv_0/kernel"": [2, 2, 4, 512], ""/params/Conv_1/kernel"": [2, 2, 512, 256]}",cbc0738b6801fd74825dba01d12beae234875e57991f3f909a938750f1480f4c
E3T,256,wall_a,98,best_e3t,ckpts/e3t/ToyCoopNoPink/modified_wall/wall_a_with_xp_numenv256/ikFalse/reset_all/e3t/lr-20260906-144301/seed98_best_e3t.pkl,19607859,outputs/2026-09-06/14-43-01/.hydra/config.yaml,ToyCoopNoPink,E3T,False,False,,"[""empty"", ""wall_a""]",100000000.0,100,98,OK,3860,4901387,"{""/params/Conv_0/kernel"": [2, 2, 4, 512], ""/params/Conv_1/kernel"": [2, 2, 512, 256]}",224ce7af95c7f278417fb85cdded3a1df00bd2d44113fb7dd7a97ae51473f2ee
E3T,256,wall_a,98,final,ckpts/e3t/ToyCoopNoPink/modified_wall/wall_a_with_xp_numenv256/ikFalse/reset_all/e3t/lr-20260906-144301/seed98_ckpt0_e3t_updates3906.pkl,19608674,outputs/2026-09-06/14-43-01/.hydra/config.yaml,ToyCoopNoPink,E3T,False,False,,"[""empty"", ""wall_a""]",100000000.0,100,98,OK,3906,4901387,"{""/params/Conv_0/kernel"": [2, 2, 4, 512], ""/params/Conv_1/kernel"": [2, 2, 512, 256]}",dfd29c1b79456a2b0a49f527c86413e277ec407cc63ea1ff3abf6ee0c0c9c0ce
E3T,256,wall_a,0,best_e3t,ckpts/e3t/ToyCoopNoPink/modified_wall/wall_a_with_xp_numenv256/ikFalse/reset_all/e3t/lr-20260907-081636/seed0_best_e3t.pkl,19607859,outputs/2026-09-07/08-16-36/.hydra/config.yaml,ToyCoopNoPink,E3T,False,False,,"[""empty"", ""wall_a""]",100000000.0,100,98,OK,3518,4901387,"{""/params/Conv_0/kernel"": [2, 2, 4, 512], ""/params/Conv_1/kernel"": [2, 2, 512, 256]}",3b4e0db12670a4db030045ca52cc5e0e97b93cb36c8765542cbc41a07501e73d
E3T,256,wall_a,0,final,ckpts/e3t/ToyCoopNoPink/modified_wall/wall_a_with_xp_numenv256/ikFalse/reset_all/e3t/lr-20260907-081636/seed0_ckpt0_e3t_updates3906.pkl,19608674,outputs/2026-09-07/08-16-36/.hydra/config.yaml,ToyCoopNoPink,E3T,False,False,,"[""empty"", ""wall_a""]",100000000.0,100,98,OK,3906,4901387,"{""/params/Conv_0/kernel"": [2, 2, 4, 512], ""/params/Conv_1/kernel"": [2, 2, 512, 256]}",682523da6af83a9ab28d6a95dde0373e74c7b6fb5e82db431919dc90d1692988
E3T,256,wall_a,3,best_e3t,ckpts/e3t/ToyCoopNoPink/modified_wall/wall_a_with_xp_numenv256/ikFalse/reset_all/e3t/lr-20260907-090016/seed3_best_e3t.pkl,19607859,outputs/2026-09-07/09-00-16/.hydra/config.yaml,ToyCoopNoPink,E3T,False,False,,"[""empty"", ""wall_a""]",100000000.0,100,98,OK,955,4901387,"{""/params/Conv_0/kernel"": [2, 2, 4, 512], ""/params/Conv_1/kernel"": [2, 2, 512, 256]}",da9f212cb0d4d99eedd2bac14347777f815ca3ccbe35c427172502ef5690146a
E3T,256,wall_a,3,final,ckpts/e3t/ToyCoopNoPink/modified_wall/wall_a_with_xp_numenv256/ikFalse/reset_all/e3t/lr-20260907-090016/seed3_ckpt0_e3t_updates3906.pkl,19608674,outputs/2026-09-07/09-00-16/.hydra/config.yaml,ToyCoopNoPink,E3T,False,False,,"[""empty"", ""wall_a""]",100000000.0,100,98,OK,3906,4901387,"{""/params/Conv_0/kernel"": [2, 2, 4, 512], ""/params/Conv_1/kernel"": [2, 2, 512, 256]}",3283ff60d30789c6d076752dca9bef2b0fbea191a624d39ab8b191c8c8184a88
E3T,256,wall_a,1,best_e3t,ckpts/e3t/ToyCoopNoPink/modified_wall/wall_a_with_xp_numenv256/ikFalse/reset_all/e3t/lr-20260911-052847/seed1_best_e3t.pkl,19607859,outputs/2026-09-11/05-28-47/.hydra/config.yaml,ToyCoopNoPink,E3T,False,False,,"[""empty"", ""wall_a""]",100000000.0,100,98,OK,3860,4901387,"{""/params/Conv_0/kernel"": [2, 2, 4, 512], ""/params/Conv_1/kernel"": [2, 2, 512, 256]}",81c498e28f6b89b0ad92289484258b2bc348489ad05b6f69bc23178dd55e5539
E3T,256,wall_a,1,final,ckpts/e3t/ToyCoopNoPink/modified_wall/wall_a_with_xp_numenv256/ikFalse/reset_all/e3t/lr-20260911-052847/seed1_ckpt0_e3t_updates3906.pkl,19608674,outputs/2026-09-11/05-28-47/.hydra/config.yaml,ToyCoopNoPink,E3T,False,False,,"[""empty"", ""wall_a""]",100000000.0,100,98,OK,3906,4901387,"{""/params/Conv_0/kernel"": [2, 2, 4, 512], ""/params/Conv_1/kernel"": [2, 2, 512, 256]}",51a1065b286e6632c78d47bd8862b631feac072ceb5fb80cd95bdec422dd21c5
E3T,256,wall_a,4,best_e3t,ckpts/e3t/ToyCoopNoPink/modified_wall/wall_a_with_xp_numenv256/ikFalse/reset_all/e3t/lr-20260911-052858/seed4_best_e3t.pkl,19607859,outputs/2026-09-11/05-28-58/.hydra/config.yaml,ToyCoopNoPink,E3T,False,False,,"[""empty"", ""wall_a""]",100000000.0,100,98,OK,3680,4901387,"{""/params/Conv_0/kernel"": [2, 2, 4, 512], ""/params/Conv_1/kernel"": [2, 2, 512, 256]}",56600451c97d7d0abb0e00027df39dbbcf2725916d88684a916d92988283a211
E3T,256,wall_a,4,final,ckpts/e3t/ToyCoopNoPink/modified_wall/wall_a_with_xp_numenv256/ikFalse/reset_all/e3t/lr-20260911-052858/seed4_ckpt0_e3t_updates3906.pkl,19608674,outputs/2026-09-11/05-28-58/.hydra/config.yaml,ToyCoopNoPink,E3T,False,False,,"[""empty"", ""wall_a""]",100000000.0,100,98,OK,3906,4901387,"{""/params/Conv_0/kernel"": [2, 2, 4, 512], ""/params/Conv_1/kernel"": [2, 2, 512, 256]}",597c93b76aac5d304af5a4e8a8fdd22e66d1cb59b8aee1bcb5fef27ead7f62f5
E3T,256,wall_a,2,best_e3t,ckpts/e3t/ToyCoopNoPink/modified_wall/wall_a_with_xp_numenv256/ikFalse/reset_all/e3t/lr-20260911-225225/seed2_best_e3t.pkl,19607859,outputs/2026-09-11/22-52-25/.hydra/config.yaml,ToyCoopNoPink,E3T,False,False,,"[""empty"", ""wall_a""]",100000000.0,100,98,OK,3891,4901387,"{""/params/Conv_0/kernel"": [2, 2, 4, 512], ""/params/Conv_1/kernel"": [2, 2, 512, 256]}",564892a75a87ed40b433e1d68de29331b2cb2f24ae979dc89706d06892682a22
E3T,256,wall_a,2,final,ckpts/e3t/ToyCoopNoPink/modified_wall/wall_a_with_xp_numenv256/ikFalse/reset_all/e3t/lr-20260911-225225/seed2_ckpt0_e3t_updates3906.pkl,19608674,outputs/2026-09-11/22-52-25/.hydra/config.yaml,ToyCoopNoPink,E3T,False,False,,"[""empty"", ""wall_a""]",100000000.0,100,98,OK,3906,4901387,"{""/params/Conv_0/kernel"": [2, 2, 4, 512], ""/params/Conv_1/kernel"": [2, 2, 512, 256]}",a5eb3d2cb946100d79114e4c2179fe35aeaf173386e006a245349e13d52b4ef4
E3T,256,wall_a,5,best_e3t,ckpts/e3t/ToyCoopNoPink/modified_wall/wall_a_with_xp_numenv256/ikFalse/reset_all/e3t/lr-20260911-225507/seed5_best_e3t.pkl,19607859,outputs/2026-09-11/22-55-07/.hydra/config.yaml,ToyCoopNoPink,E3T,False,False,,"[""empty"", ""wall_a""]",100000000.0,100,98,OK,3468,4901387,"{""/params/Conv_0/kernel"": [2, 2, 4, 512], ""/params/Conv_1/kernel"": [2, 2, 512, 256]}",c8e8a4f268b3f5029691ab928c8d433d2feed9ed542cf1dfa4f03da0808bdab1
E3T,256,wall_a,5,final,ckpts/e3t/ToyCoopNoPink/modified_wall/wall_a_with_xp_numenv256/ikFalse/reset_all/e3t/lr-20260911-225507/seed5_ckpt0_e3t_updates3906.pkl,19608674,outputs/2026-09-11/22-55-07/.hydra/config.yaml,ToyCoopNoPink,E3T,False,False,,"[""empty"", ""wall_a""]",100000000.0,100,98,OK,3906,4901387,"{""/params/Conv_0/kernel"": [2, 2, 4, 512], ""/params/Conv_1/kernel"": [2, 2, 512, 256]}",193d76e10637a469a8c1db519e888cbcc882a85838a47b270ef6dac1b1f41744
IDAAC+CEC,256,mixed,98,final,ckpts/idaac/ToyCoopNoPink/modified_wall/mixed_empty_wall_a_with_xp_numenv256/ikTrue/reset_all/lr-20260819-144828/seed98_ckpt0_improved_updates3906.pkl,13377786,outputs/2026-08-19/14-48-28/.hydra/config.yaml,ToyCoopNoPink,CEC_IDAAC,True,True,100,"[""empty"", ""wall_a""]",100000000.0,100,98,OK,3906,3343628,"{""/params/actor_trunk/conv_0/kernel"": [2, 2, 4, 64], ""/params/actor_trunk/conv_1/kernel"": [2, 2, 64, 32], ""/params/critic_trunk/conv_0/kernel"": [2, 2, 4, 64], ""/params/critic_trunk/conv_1/kernel"": [2, 2, 64, 32]}",61e67b0d037eb582c7fbd64a7a49b115ab0e1ea554222d8b625e775ed575e117
IDAAC+CEC,256,mixed,0,final,ckpts/idaac/ToyCoopNoPink/modified_wall/mixed_empty_wall_a_with_xp_numenv256/ikTrue/reset_all/lr-20260819-224519/seed0_ckpt0_improved_updates3906.pkl,13377786,outputs/2026-08-19/22-45-19/.hydra/config.yaml,ToyCoopNoPink,CEC_IDAAC,True,True,100,"[""empty"", ""wall_a""]",100000000.0,100,98,OK,3906,3343628,"{""/params/actor_trunk/conv_0/kernel"": [2, 2, 4, 64], ""/params/actor_trunk/conv_1/kernel"": [2, 2, 64, 32], ""/params/critic_trunk/conv_0/kernel"": [2, 2, 4, 64], ""/params/critic_trunk/conv_1/kernel"": [2, 2, 64, 32]}",075e9b5b63d2b82fa69cff39ae1682e8b5e7181d6c6182b6eb3b5191d7c8d6c0
IDAAC+CEC,256,mixed,1,final,ckpts/idaac/ToyCoopNoPink/modified_wall/mixed_empty_wall_a_with_xp_numenv256/ikTrue/reset_all/lr-20260820-065014/seed1_ckpt0_improved_updates3906.pkl,13377786,outputs/2026-08-20/06-50-14/.hydra/config.yaml,ToyCoopNoPink,CEC_IDAAC,True,True,100,"[""empty"", ""wall_a""]",100000000.0,100,98,OK,3906,3343628,"{""/params/actor_trunk/conv_0/kernel"": [2, 2, 4, 64], ""/params/actor_trunk/conv_1/kernel"": [2, 2, 64, 32], ""/params/critic_trunk/conv_0/kernel"": [2, 2, 4, 64], ""/params/critic_trunk/conv_1/kernel"": [2, 2, 64, 32]}",9a7e0d6c3dba6e8fe2d06f708b969ba8efaf72aafd5f0c6c0e3a80d4df2ede9c
IDAAC+CEC,256,mixed,2,final,ckpts/idaac/ToyCoopNoPink/modified_wall/mixed_empty_wall_a_with_xp_numenv256/ikTrue/reset_all/lr-20260820-144619/seed2_ckpt0_improved_updates3906.pkl,13377786,outputs/2026-08-20/14-46-18/.hydra/config.yaml,ToyCoopNoPink,CEC_IDAAC,True,True,100,"[""empty"", ""wall_a""]",100000000.0,100,98,OK,3906,3343628,"{""/params/actor_trunk/conv_0/kernel"": [2, 2, 4, 64], ""/params/actor_trunk/conv_1/kernel"": [2, 2, 64, 32], ""/params/critic_trunk/conv_0/kernel"": [2, 2, 4, 64], ""/params/critic_trunk/conv_1/kernel"": [2, 2, 64, 32]}",5a0e10035845436223147c6c65faaf2dc26fcf0ef6205a4cb5df373f4489c8ec
IDAAC+CEC,256,mixed,3,final,ckpts/idaac/ToyCoopNoPink/modified_wall/mixed_empty_wall_a_with_xp_numenv256/ikTrue/reset_all/lr-20260820-225204/seed3_ckpt0_improved_updates3906.pkl,13377786,outputs/2026-08-20/22-52-03/.hydra/config.yaml,ToyCoopNoPink,CEC_IDAAC,True,True,100,"[""empty"", ""wall_a""]",100000000.0,100,98,OK,3906,3343628,"{""/params/actor_trunk/conv_0/kernel"": [2, 2, 4, 64], ""/params/actor_trunk/conv_1/kernel"": [2, 2, 64, 32], ""/params/critic_trunk/conv_0/kernel"": [2, 2, 4, 64], ""/params/critic_trunk/conv_1/kernel"": [2, 2, 64, 32]}",41963f87589e4644f2bfc9f8c4db575654104de113d36c570052dbe33af5dddc
IDAAC+CEC,256,mixed,4,final,ckpts/idaac/ToyCoopNoPink/modified_wall/mixed_empty_wall_a_with_xp_numenv256/ikTrue/reset_all/lr-20260821-064716/seed4_ckpt0_improved_updates3906.pkl,13377786,outputs/2026-08-21/06-47-16/.hydra/config.yaml,ToyCoopNoPink,CEC_IDAAC,True,True,100,"[""empty"", ""wall_a""]",100000000.0,100,98,OK,3906,3343628,"{""/params/actor_trunk/conv_0/kernel"": [2, 2, 4, 64], ""/params/actor_trunk/conv_1/kernel"": [2, 2, 64, 32], ""/params/critic_trunk/conv_0/kernel"": [2, 2, 4, 64], ""/params/critic_trunk/conv_1/kernel"": [2, 2, 64, 32]}",9bce06d23ca95a1b95efeab504fb926375d3a80094e91b0c6355ff7e7ebc2a78
IDAAC+CEC,256,mixed,5,final,ckpts/idaac/ToyCoopNoPink/modified_wall/mixed_empty_wall_a_with_xp_numenv256/ikTrue/reset_all/lr-20260821-142940/seed5_ckpt0_improved_updates3906.pkl,13377786,outputs/2026-08-21/14-29-40/.hydra/config.yaml,ToyCoopNoPink,CEC_IDAAC,True,True,100,"[""empty"", ""wall_a""]",100000000.0,100,98,OK,3906,3343628,"{""/params/actor_trunk/conv_0/kernel"": [2, 2, 4, 64], ""/params/actor_trunk/conv_1/kernel"": [2, 2, 64, 32], ""/params/critic_trunk/conv_0/kernel"": [2, 2, 4, 64], ""/params/critic_trunk/conv_1/kernel"": [2, 2, 64, 32]}",3965d509cfd7f24f4575e6d3f81b826387b5f7eb7c2c352d211d4d02e3a7dbd6
IDAAC+CEC,64,mixed,98,final,ckpts/idaac/ToyCoopNoPink/modified_wall/mixed_empty_wall_a_with_xp_numenv64/ikTrue/reset_all/lr-20260831-062428/seed98_ckpt0_improved_updates15625.pkl,13377786,outputs/2026-08-31/06-24-28/.hydra/config.yaml,ToyCoopNoPink,CEC_IDAAC,True,True,100,"[""empty"", ""wall_a""]",100000000.0,100,98,OK,15625,3343628,"{""/params/actor_trunk/conv_0/kernel"": [2, 2, 4, 64], ""/params/actor_trunk/conv_1/kernel"": [2, 2, 64, 32], ""/params/critic_trunk/conv_0/kernel"": [2, 2, 4, 64], ""/params/critic_trunk/conv_1/kernel"": [2, 2, 64, 32]}",c27544c5bed5ac1cb7fc622a04d2a5a7e2f9039ac399b4aad71747b596fadb48
IDAAC+CEC,64,mixed,0,final,ckpts/idaac/ToyCoopNoPink/modified_wall/mixed_empty_wall_a_with_xp_numenv64/ikTrue/reset_all/lr-20260902-033921/seed0_ckpt0_improved_updates15625.pkl,13377786,outputs/2026-09-02/03-39-21/.hydra/config.yaml,ToyCoopNoPink,CEC_IDAAC,True,True,100,"[""empty"", ""wall_a""]",100000000.0,100,98,OK,15625,3343628,"{""/params/actor_trunk/conv_0/kernel"": [2, 2, 4, 64], ""/params/actor_trunk/conv_1/kernel"": [2, 2, 64, 32], ""/params/critic_trunk/conv_0/kernel"": [2, 2, 4, 64], ""/params/critic_trunk/conv_1/kernel"": [2, 2, 64, 32]}",f67cd9cadf8f893c989276e17d6d0e22ce7502e8a94053d558b5b63b881b02e9
IDAAC+CEC,64,mixed,1,final,ckpts/idaac/ToyCoopNoPink/modified_wall/mixed_empty_wall_a_with_xp_numenv64/ikTrue/reset_all/lr-20260903-012535/seed1_ckpt0_improved_updates15625.pkl,13377786,outputs/2026-09-03/01-25-35/.hydra/config.yaml,ToyCoopNoPink,CEC_IDAAC,True,True,100,"[""empty"", ""wall_a""]",100000000.0,100,98,OK,15625,3343628,"{""/params/actor_trunk/conv_0/kernel"": [2, 2, 4, 64], ""/params/actor_trunk/conv_1/kernel"": [2, 2, 64, 32], ""/params/critic_trunk/conv_0/kernel"": [2, 2, 4, 64], ""/params/critic_trunk/conv_1/kernel"": [2, 2, 64, 32]}",2420f9506f6360adbb3c9a4f866975e5af5599a61d0f8e49bc4693b2a3aeb413
IDAAC+CEC,64,mixed,2,final,ckpts/idaac/ToyCoopNoPink/modified_wall/mixed_empty_wall_a_with_xp_numenv64/ikTrue/reset_all/lr-20260903-180910/seed2_ckpt0_improved_updates15625.pkl,13377786,outputs/2026-09-03/18-09-10/.hydra/config.yaml,ToyCoopNoPink,CEC_IDAAC,True,True,100,"[""empty"", ""wall_a""]",100000000.0,100,98,OK,15625,3343628,"{""/params/actor_trunk/conv_0/kernel"": [2, 2, 4, 64], ""/params/actor_trunk/conv_1/kernel"": [2, 2, 64, 32], ""/params/critic_trunk/conv_0/kernel"": [2, 2, 4, 64], ""/params/critic_trunk/conv_1/kernel"": [2, 2, 64, 32]}",1985e0f5621ba7cb8ec94544beaf9b2dbdfd7ddb06c853898f1842b6818732cf
IDAAC+CEC,64,mixed,3,final,ckpts/idaac/ToyCoopNoPink/modified_wall/mixed_empty_wall_a_with_xp_numenv64/ikTrue/reset_all/lr-20260904-105033/seed3_ckpt0_improved_updates15625.pkl,13377786,outputs/2026-09-04/10-50-33/.hydra/config.yaml,ToyCoopNoPink,CEC_IDAAC,True,True,100,"[""empty"", ""wall_a""]",100000000.0,100,98,OK,15625,3343628,"{""/params/actor_trunk/conv_0/kernel"": [2, 2, 4, 64], ""/params/actor_trunk/conv_1/kernel"": [2, 2, 64, 32], ""/params/critic_trunk/conv_0/kernel"": [2, 2, 4, 64], ""/params/critic_trunk/conv_1/kernel"": [2, 2, 64, 32]}",dc6c941b93dd498d11745f0ff490875e716fb94d0fc64c34a18dd4ed8059f0b9
IDAAC+CEC,64,mixed,4,final,ckpts/idaac/ToyCoopNoPink/modified_wall/mixed_empty_wall_a_with_xp_numenv64/ikTrue/reset_all/lr-20260905-034740/seed4_ckpt0_improved_updates15625.pkl,13377786,outputs/2026-09-05/03-47-40/.hydra/config.yaml,ToyCoopNoPink,CEC_IDAAC,True,True,100,"[""empty"", ""wall_a""]",100000000.0,100,98,OK,15625,3343628,"{""/params/actor_trunk/conv_0/kernel"": [2, 2, 4, 64], ""/params/actor_trunk/conv_1/kernel"": [2, 2, 64, 32], ""/params/critic_trunk/conv_0/kernel"": [2, 2, 4, 64], ""/params/critic_trunk/conv_1/kernel"": [2, 2, 64, 32]}",b8daeb6860dbca4c8896d52b61072b61b19afddbfb6f733789229846d7aec60b
IDAAC+CEC,64,mixed,5,final,ckpts/idaac/ToyCoopNoPink/modified_wall/mixed_empty_wall_a_with_xp_numenv64/ikTrue/reset_all/lr-20260905-204005/seed5_ckpt0_improved_updates15625.pkl,13377786,outputs/2026-09-05/20-40-05/.hydra/config.yaml,ToyCoopNoPink,CEC_IDAAC,True,True,100,"[""empty"", ""wall_a""]",100000000.0,100,98,OK,15625,3343628,"{""/params/actor_trunk/conv_0/kernel"": [2, 2, 4, 64], ""/params/actor_trunk/conv_1/kernel"": [2, 2, 64, 32], ""/params/critic_trunk/conv_0/kernel"": [2, 2, 4, 64], ""/params/critic_trunk/conv_1/kernel"": [2, 2, 64, 32]}",81fb46e5b915b43950823bc15a3841bf127f61508ce925a26d76dce6d5aca617
